pep,activity,seq,state,len,D,E,K,R,H,Q,N,C,S,T,A,V,M,L,I,F,Y,W,G,P,motif_prob
Ace2p_309_358,-0.223,HRQRYPNKSPESNGLNLFSSNSGYLRDSELLSFSPQNYNLNLDGLTYNDH,active,50,3,2,1,3,2,2,8,0,8,1,0,0,0,8,0,2,4,0,3,3,0.9936338713727932
Aft1p_583_632,0.285,IFDELKFVQNGPHGSQHPIDFQHVDHRHLSSNEPQVRSHQYGPQQQPPQQ,active,50,3,2,1,2,6,10,2,0,4,0,0,3,0,2,2,3,1,0,3,6,1.9907020252539874e-16
Age2p_249_298,0.016,FFTSTTPQPCNTPSPFVNTGITATNNNSMNSNSSSNISLDDNELFKNVWS,active,50,2,1,1,0,0,1,10,1,9,7,1,2,1,2,2,4,0,1,1,4,3.0965892117437344e-30
Akl1p_637_686,-0.055,SQRNFYTGRDRSNKPMQLGGTIAGDSGNRRVNFQNISQNYATNSQSGYLP,active,50,2,0,1,5,0,5,7,0,6,3,2,1,1,2,2,2,3,0,6,2,2.5112434602132634e-18
Aly2p_225_274,-0.154,SVSHHNYKPTTTSIFSDLLNNTFTHNDAASHHGHHIPTSSNHLAMTSNNF,active,50,2,0,1,0,8,0,7,0,8,7,3,1,1,3,2,3,1,0,1,2,7.285080558255884e-27
App1p_41_90,-0.045,DVYIPNLTSSISQKTMDGIRSTTNSFEGYNDLPMELPHNTTITYFPTYTT,active,50,3,2,1,1,1,1,4,0,5,10,0,1,2,3,4,2,4,0,2,4,1.8164392644017636e-16
App1p_507_556,-0.28600000000000003,PPPLPNRQLPNLDANTYYVPSSQNDYGMYGAFMDKKADEWKRRVMDSIQK,active,50,5,1,4,3,0,3,4,0,3,1,3,2,3,3,1,1,4,1,2,6,2.609358444539377e-09
Asg1p_759_808,0.292,SNERDPNNFLSIDIRLDNNGQSNILDATDDVFIRNDGDIPTNSAFDFSSS,active,50,9,1,0,3,0,1,8,0,7,2,2,1,0,3,5,4,0,0,2,2,1.049139403639348e-22
Ash1p_158_207,-0.261,RPQQSLPSLRHLQLLPSPLLQENAARFPDTSKRTSNWKTDLTHWCKDTNY,active,50,3,1,3,4,2,4,3,1,5,5,2,0,0,8,0,1,1,2,0,5,1.6548563438930463e-08
Ask10p_892_941,-0.32799999999999996,ISQTSSLPGFSYTSLSLPVNSPGSSNSESSSGGYFAIPLHGNNNNNNYTQ,active,50,0,1,0,0,1,2,8,0,13,3,1,1,0,4,2,2,3,0,5,4,1.342846419307214e-23
Azf1p_101_150,-0.094,GAYSNLPRLSTSSTHQPPDLSQIGRGFSIVNNLFPQQQQLQNQHRQQQQQ,active,50,1,0,0,3,2,13,4,0,6,2,1,1,0,5,2,2,1,0,3,4,4.304330888183959e-09
Azf1p_161_210,-0.621,FKTPSFSTGLTGSSSQYQFLPRNDNTSQPPSKRNSVYLGPNDGPDFEFFS,active,50,3,1,2,2,0,3,4,0,9,4,0,1,0,3,0,6,2,0,4,6,1.835799012676112e-16
Azf1p_251_300,-0.938,SGNMNTNADYESFFNTGTNNSNSNQNPYFLSSRNNSLKFNPEDFDFQFKR,active,50,3,2,2,2,0,2,12,0,7,3,1,0,1,2,0,7,2,0,2,2,2.0856379439381517e-09
Azf1p_271_320,-0.5329999999999999,SNSNQNPYFLSSRNNSLKFNPEDFDFQFKRRNSFVRGTLDHSSQNAFIPE,active,50,3,2,2,4,1,3,8,0,8,1,1,1,0,3,1,7,1,0,1,3,1.398985497532907e-05
Azf1p_61_110,-0.32299999999999995,SISYYTNFNQPRYSTDASINSFLNISDNVPVTSTGGPSSGGAYSNLPRLS,active,50,2,0,0,2,0,1,6,0,11,4,2,2,0,3,3,2,4,0,4,4,2.28296850849885e-20
Bbp1p_51_100,-0.059000000000000004,TNFSMKFGNDSNRRSTNLSRSNSWSGLDSTLHRKYELLPEYNENGFNSIV,active,50,2,3,2,4,1,0,8,0,9,3,0,1,1,5,1,3,2,1,3,1,3.1735452592665337e-13
Bck2p_511_560,-0.21899999999999997,TPPYYMTGYTLPSSASASSTPNVLETHNMNFVPSTSTVTSYRPSSNFSSF,active,50,0,1,0,1,1,0,4,0,12,8,2,3,2,2,0,3,4,0,1,6,1.303595952164108e-26
Bck2p_654_703,0.035,NSISTTTSNATGNYFQDQDKYTLVNTGLGLSDANLDHFIRSQWKHASRSE,active,50,4,1,2,2,2,3,5,0,7,6,3,1,0,4,2,2,2,1,3,0,2.76301746165605e-25
Bnr1p_681_730,-0.17600000000000002,DSLFQRSTSTINFNIPSMKNITNMQNVSLNSILSELEFSNSLGTQPNYQS,active,50,1,2,1,1,0,4,8,0,10,4,0,1,2,5,4,3,1,0,1,2,3.081652178754967e-11
Boi2p_458_507,-0.12300000000000001,PLLNNTRTSPSPAQLYSWQSPTLSFSGPKRTSYIDQYSSSDSNFNSRSAL,active,50,2,0,1,3,0,3,4,0,13,4,2,0,0,5,1,2,3,1,1,5,4.226148222759807e-19
Bub1p_448_497,-0.032,ASRSPTVTAFSKDAINEVFSMFNQHYSTPGALLDGDDTTTSKFNVFENFT,active,50,4,2,2,1,1,1,4,0,6,7,4,3,1,2,1,6,1,0,2,2,2.151839409911529e-23
Bud9p_191_240,-0.259,EKLGTRPSSLFYPPPEGTAPYQGPRATVSGNKSTRQTQGTYSFPSMRYGV,active,50,0,2,2,4,0,3,1,0,6,6,2,2,1,2,0,2,4,0,6,7,9.152389992660535e-24
Caf120p_665_714,0.174,YLRFQRASVHSESNYNSRKSFTPSDFSNGNEEEHAVLQELNSLTQRINEL,active,50,1,6,1,4,2,3,6,0,8,2,2,2,0,5,1,3,2,0,1,1,1.45805733099302e-13
Caf120p_895_944,-0.513,PGPYNQGWNNRPSPSNIYQRPHPSDTQPQAYHLPGNPYSTGNRPNMQAQY,active,50,1,0,0,3,2,6,7,0,4,2,2,0,1,1,1,0,5,1,4,10,4.659229159017892e-14
Caf120p_945_994,-0.379,HPQQVPMPILQQPNRPYQPYAMNTHMGSPGGYAGAAPPFQPANVNYNTRP,active,50,0,0,0,2,2,6,5,0,1,2,5,2,3,1,1,1,4,0,4,11,8.325626146877532e-07
Caf120p_975_1024,-0.184,GYAGAAPPFQPANVNYNTRPQQPWPTPNSPSAHYRPPPNLNQPQNGSAGY,active,50,0,0,0,2,1,5,7,0,3,2,6,1,0,1,0,1,4,1,4,12,4.2917835967379e-16
Cat8p_918_967,-0.08800000000000001,LNYYNRLMGLPPATTTSLKPLFGSQSKNSLENRQRTPNVKRENPEHEYLY,active,50,0,4,3,4,1,2,6,0,4,4,1,1,1,7,0,1,4,0,2,5,0.15546193454266172
Cbc2p_148_197,-0.17,FDASRGGFAIPFAERVGVPHSRFDNSSSQSNTNNYIPPPDAMGTFRPGFD,active,50,4,1,0,4,1,1,4,0,6,2,4,2,1,0,2,6,1,0,5,6,1.6680784990454724e-18
Cbf1p_281_330,0.077,WTLQKLLSEQNASQLASANEKLQEELGNAYKEIEYMKRVLRKEGIEYEDM,active,50,1,9,5,2,0,4,3,0,3,1,4,1,2,7,2,0,3,1,2,0,4.582128696750822e-06
Cbk1p_11_60,-0.027999999999999997,GAPTSGHGYYMSQQQDQQHQQQQQYANEMNPYQQIPRPPAAGFSSNYMKE,active,50,1,2,1,1,2,12,3,0,4,1,4,0,3,0,1,1,5,0,4,5,4.487098088079646e-15
Cbk1p_221_270,0.032,YQQQQQQQQQQQHMQIQQQQQQQQQQQQSQSPVQSGFNNGTISNYMYFER,active,50,0,1,0,1,1,26,3,0,4,1,0,1,2,0,2,2,3,0,2,1,8.410790275272393e-11
Chs1p_211_260,-0.242,IPQYHDQPFGYNNGYHGLQAKDYYDDPEGGYIDQRGDDYQINSYLGRNGE,active,50,7,2,1,2,2,5,4,0,1,0,1,0,0,2,3,1,8,0,8,3,0.11617594367794827
Chs1p_241_290,-0.002,YIDQRGDDYQINSYLGRNGEMVDPYDYENSLRHMTPMERREYLHDDSRPV,active,50,7,4,0,6,2,2,3,0,3,1,0,2,3,3,2,0,6,0,3,3,1.1637229522437382e-06
Chs3p_11_60,-0.10099999999999999,DYYLNLNQDEESLLRSRHSVGSGAPHRQGSLVRPERSRLNNPDNPHFYYA,active,50,3,3,0,6,3,2,5,0,6,0,2,2,0,6,0,1,4,0,3,4,0.0001009836602936549
Cin5p_117_166,-0.353,IARPVTINNLIPPSLPRLNTYQLRPQLSDTHLNCHFNSNPYTTASHAPFE,active,50,1,1,0,3,3,2,6,1,4,5,3,1,0,6,3,2,2,0,0,7,0.7786005237855632
Cmr2p_3_52,-0.102,FSIPPTLPLDLQSRLNELIQDYKDENLTRKGYETKRKQLLDKFEISQMRP,active,50,4,4,5,4,0,4,2,0,3,3,0,0,1,8,3,2,2,0,1,4,0.9958932086224334
Cmr3p_53_102,-0.252,QFYGHNSYKNERECYNSTKINLPPISSLLPNFENNTPPNVDSRVQFPPQQ,active,50,1,3,2,2,1,4,8,1,5,2,0,2,0,3,2,3,3,0,1,7,1.1845165280831568e-07
Csr2p_1038_1087,-0.20199999999999999,AYSNMDGLLSQDIFEQETAATLFKRDIVTMNFNNNIFTPRYSPRTFTNTD,active,50,4,2,1,3,0,2,6,0,3,7,3,1,2,3,3,5,2,0,1,2,2.534577205584383e-05
Csr2p_1058_1107,-0.10800000000000001,TLFKRDIVTMNFNNNIFTPRYSPRTFTNTDYNYNDNDNNDNDTEGPGPII,active,50,6,1,1,3,0,0,11,0,1,7,0,1,1,1,4,4,3,0,2,4,2.4015634268697397e-12
Dcp2p_352_401,-0.61,NVFMSNPQLFATMNGQPFAPFPFMLPLTNNSNSANPIPTPVPPNFNAPPN,active,50,0,0,0,0,0,2,10,0,3,3,4,2,3,3,1,6,0,0,1,12,0.9998908327543965
Dcp2p_872_921,-0.034,LLNYLKPKPLNDGYENISNKDSSHELLNILHGNKNSSAFNNNVYATDGYS,active,50,3,2,4,0,2,0,10,0,6,1,2,1,0,7,2,1,4,0,3,2,2.4981746271593892e-05
Dcp2p_892_941,-0.055,DSSHELLNILHGNKNSSAFNNNVYATDGYSLASDNNENSSNKLLNMLQNR,active,50,3,2,2,1,2,1,12,0,8,1,3,1,1,7,1,1,2,0,2,0,8.260499862410101e-14
Ded1p_41_90,-0.27899999999999997,NNNNGGYNGGRGGGSFFSNNRRGGYGNGGFFGGNNGGSRSNGRSGGRWID,active,50,1,0,0,6,0,0,11,0,5,0,0,0,0,0,1,4,2,1,19,0,6.71235749862423e-23
Def1p_512_561,-0.8079999999999999,YQNQFPGYSYPGMFDSQGYAYGQQYQQLAQNNAQTSGNANQYNFQQGYGQ,active,50,1,0,0,0,0,13,6,0,3,1,4,0,1,1,0,3,8,0,7,2,0.9999996295485818
Def1p_598_647,-1.49,SFMPYYAHFYQQSFPYGQPQYGVAGQYPYQLPKNNYNYYQTQNGQEQQSP,active,50,0,1,1,0,1,11,4,0,3,1,2,1,1,1,0,3,10,0,4,6,1.0
Dhh1p_436_485,-0.046,SYHQQAIPQQQLPSQQQFAIPPQQHHPQFMVPPSHQQQQAYPPPQMPSQQ,active,50,0,0,0,0,4,18,0,0,4,0,3,1,2,1,2,2,2,0,0,11,5.4267648727009676e-08
Dhh1p_457_506,-0.293,PQQHHPQFMVPPSHQQQQAYPPPQMPSQQGYPPQQEHFMAMPPGQSQPQY,active,50,0,1,0,0,4,15,0,0,3,0,2,1,4,0,0,2,3,0,2,13,5.218408321343563e-09
Dig1p_225_274,-0.439,PYVSYPYPMGPRTSIPYAMQGGNARPYEENEYSASNYRNKRVNDSYDSPL,active,50,2,3,1,4,0,1,5,0,6,1,3,2,2,1,1,0,8,0,3,7,1.2213493662944069e-10
Doa4p_422_471,-0.015,SNLYSISSLSISSSPSPLPLHSPDPVKGNSLPINYPETPHLWKNSETDFM,active,50,2,2,2,0,2,0,4,0,12,2,0,1,1,6,3,1,2,1,1,8,6.007390667799392e-17
Dsf2p_104_153,0.345,TLCMPASEFPSLRYRTNPSPTYIQARDRSLIIDNLKEKDSTLRGKYSSGK,active,50,3,2,4,5,0,1,2,1,7,4,2,0,1,5,3,1,3,0,2,4,2.5923933597082016e-15
Dsk2p_303_352,-0.196,AFDPALLASMFQPPVQASQAEDTRPPEERYEHQLRQLNDMGFFDFDRNVA,active,50,5,4,0,4,1,5,2,0,2,1,6,2,2,4,0,5,1,0,1,5,0.03546127705998986
Ebs1p_742_791,0.081,PANDVCHQAQRPMQGGLYSSQQPSSMSSLNSAYQNASMPPSASMVSYPYP,active,50,1,0,0,1,1,6,3,1,11,0,5,2,4,2,0,0,4,0,2,7,4.646972642806311e-22
Ebs1p_835_884,-0.41700000000000004,TSAPSSAYAQAQRQMFQQPMQQDVGKYMQFPFDAQSNTDSMRGNSRNNMF,active,50,3,0,1,3,0,9,4,0,6,2,5,1,5,0,0,4,2,0,2,3,3.353658691735357e-16
Ecm22p_243_292,-0.071,GRLNSVTNGLQQPQLQQQNQQIPQQQGTQSPFSNIPFDQLAQLNKMGLNF,active,50,1,0,1,1,0,14,6,0,3,2,1,1,1,6,2,3,0,0,4,4,0.6940640860502139
Ecm30p_1116_1165,0.341,TSNSSSIRTRPNSHHVAPETNNNNSTNGNSNNSSNGGFSFFKWKWGGNNS,active,50,0,1,2,2,2,0,13,0,11,4,1,1,0,0,1,3,0,2,5,2,1.476327598059757e-43
Ecm30p_772_821,-0.11699999999999999,QMGFNRKVQWKDFYQFEEITDLPQVNLYSSANQQHQNQQQGQNDNRGQNQ,active,50,3,2,2,2,1,13,7,0,2,1,1,2,1,2,1,3,2,1,3,1,4.579730955865138e-10
Ent1p_209_258,-0.29100000000000004,RLQDLQRMQQQQGQQQLQQPMYYDIFGNPITPEEYAQFQLQQQQQQQQQQ,active,50,2,2,0,2,0,23,1,0,0,1,1,0,2,4,2,2,3,0,2,3,0.9999999991894983
Ent1p_389_438,-0.052000000000000005,FINSQGTGYRQVSDDPNHNPFLNSQYTGLPSTSVVPTQTGYGFGNQSQQQ,active,50,2,0,0,1,1,8,5,0,6,5,0,3,0,2,1,3,3,0,6,4,3.929371897906203e-21
Ent1p_405_454,-0.16399999999999998,NHNPFLNSQYTGLPSTSVVPTQTGYGFGNQSQQQSQNNGSNNRGYTLIDL,active,50,1,0,0,1,1,7,8,0,6,5,0,2,0,4,1,2,3,0,6,3,3.4901084450722785e-16
Ent2p_228_277,-0.496,QELQRLQKQQQSLSQFQAPLQQQQPQQQPAYYDIFGNPISQDEYLQYQYQ,active,50,2,2,1,1,0,19,1,0,3,0,2,0,0,5,2,2,5,0,1,4,0.9999999999985685
Ent2p_248_297,-0.13,QQQQPQQQPAYYDIFGNPISQDEYLQYQYQQDQEQAMAQQRWLDQQQEQQ,active,50,4,3,0,1,0,21,1,0,1,0,3,0,1,2,2,1,5,1,1,3,0.4846789832310406
Ent2p_538_587,-0.331,QPQQQQQPQQQPQYMQNFQQQQPQYAQNFQQQPQYTQNYQQQPQYIQPHQ,active,50,0,0,0,0,1,28,3,0,0,1,1,0,1,0,1,2,5,0,0,7,0.9995335737757894
Epo1p_101_150,-0.7190000000000001,YNFEYSNPHMNEIPLMQHNFTKPSLSNNRDNVNGKKASSFTQSSFSNFFK,active,50,1,2,4,1,2,2,9,0,8,2,1,1,2,2,1,6,2,0,1,3,1.0411844567225606e-08
Epo1p_281_330,-0.384,RFQPNKMVSANYSRSNSLMSGPPGQFRQPQQQRMLPMNNYNNHPGQFQNT,active,50,0,0,1,4,1,8,8,0,5,1,1,1,4,2,0,3,2,0,3,6,1.8374405052384832e-05
Epo1p_361_410,-0.32299999999999995,RPFAGHQQISQRQQQQQQQLQLHPMSEGYRTMSLQSQNVPQGFNPWSPND,active,50,1,1,0,3,2,14,3,0,5,1,1,1,2,3,1,2,1,1,3,5,2.0689589593105216e-10
Epo1p_61_110,-0.435,QQQQQQYYRNGMNEAPIQAPLQQRQIPMQNYSQQQRQQQQYNFEYSNPHM,active,50,0,2,0,3,1,18,5,0,2,0,2,0,3,1,2,1,5,0,1,4,0.9998597743028211
Esl2p_21_70,0.063,MFLSASQQQRPSATPSFPRLVRNTTANLSLSDFQVLNPSSKRQNSNSVYD,active,50,2,0,1,4,0,5,5,0,10,3,3,3,1,5,0,3,1,0,0,4,3.585432794203912e-17
Exo84p_460_509,0.255,RIRESFRYLQSTQQTPGRENNRSPNKNKRRSMGGSITPGRNVTGAMDQYL,active,50,1,2,2,8,0,4,5,0,5,4,1,1,2,2,2,1,2,0,5,3,1.475246180228587e-23
Fab1p_421_470,-0.40399999999999997,ALHYQDDNPGRHHHLDSVPTRYTIRDMDNISHYDTNSNSTLRPHYNTNNS,active,50,6,0,0,4,6,1,7,0,5,5,1,1,1,3,2,0,4,0,1,3,4.0180915818400923e-22
Fip1p_263_312,-0.348,NNANMSNLNSNMGNSMSGTPNPPAPPMHPSFPPLPMFGSFPPFPMPGMMP,active,50,0,0,0,0,1,0,8,0,6,1,2,0,8,2,0,4,0,0,4,14,9.614095509874293e-06
Fip1p_278_327,-0.33799999999999997,MSGTPNPPAPPMHPSFPPLPMFGSFPPFPMPGMMPPMNQQPNQNQNQNSK,active,50,0,0,1,0,1,5,6,0,4,1,1,0,7,1,0,4,0,0,3,16,2.3181017249980508e-07
Fkh2p_440_489,-0.12300000000000001,SSVARQLQLHMAKFNSLPMEMDYRLSLNMAQPPKRQLQSHNVLEPSNNNI,active,50,1,2,2,3,2,5,6,0,6,0,3,2,4,7,1,1,1,0,0,4,0.6860290991524906
Fmp16p_11_60,0.33399999999999996,RQLMRKSPRASFSIVTRAAFPHLKNNQDEAEKKEQGLFDSNKKRLDTLEH,active,50,3,4,6,5,2,3,3,0,4,2,4,1,1,5,1,3,0,0,1,2,2.7058353409863236e-18
Fpk1p_231_280,-0.294,GFSSNNPFRERAGTVRSSNPYFAYQGLPTHAMSSHDLDEGFQPYANGSGI,active,50,2,2,0,3,2,2,4,0,7,2,4,1,1,2,1,4,3,0,6,4,2.0544744869585743e-14
Fpk1p_251_300,-0.301,YFAYQGLPTHAMSSHDLDEGFQPYANGSGIHFLSTPTSKTNSLTNTKNLS,active,50,2,1,2,0,3,2,4,0,7,6,3,0,1,5,1,3,3,0,4,3,5.716103608576452e-14
Fpk1p_844_893,-0.406,DPFHDFNSMSLMEQDNNSMIYGNTNSYGKIAYTPNSNRSRSNSHRTFFKR,active,50,3,1,2,4,2,1,8,0,8,3,1,0,3,1,2,4,3,0,2,2,2.1464836900101332e-14
Frk1p_544_593,0.054000000000000006,TSYHPGSYTTPPYNSNTLSIYEINEKAKSSASSQTLNQRDTSPFDSTPYL,active,50,2,2,2,1,1,2,4,0,10,7,2,0,0,3,2,1,5,0,1,5,4.977377761808893e-28
Fub1p_171_220,-0.326,LYPVGTSHPDWSGGLPNPLGNPSSQGGMIFDPNRRPAPRREDMPPGWMPG,active,50,3,1,0,4,1,1,3,0,4,1,1,1,3,3,1,1,1,2,8,11,3.210230852729105e-16
Gac1p_557_606,-0.20199999999999999,TFTTANLFNHSLNSLMPEISTPSFFGGFRNENTINNNDSKNLVTSLEDSY,active,50,2,3,1,1,1,0,9,0,7,6,1,1,1,5,2,5,1,0,2,2,3.845008069763462e-10
Gal83p_211_260,-0.305,HRFRFIVDNELRFSDYLPTATDQMGNFVNYMEVSAPPDWGNEPQQHLAEK,active,50,4,4,1,3,2,3,4,0,2,2,3,3,2,3,1,4,2,1,2,4,0.0004092059822896222
Gat1p_204_253,0.32799999999999996,IFTNNLPFLNNNSINNNHSHNSSHNNNSPSIANNTNANTNTNTSASTNTN,active,50,0,0,0,0,3,0,20,0,8,7,3,0,0,2,3,2,0,0,0,2,3.234817040225669e-35
Gat1p_461_510,-0.212,NASTSSFNNEAFWKPLDSAIDHHSGDTNPNSNMNTTPNGNLSLDWLNLNL,active,50,4,1,1,0,2,0,11,0,7,4,3,0,1,6,1,2,0,2,2,3,3.3555924110157477e-19
Gat2p_291_340,-0.11,SSPFSNKIKLPSLQELTDSISTQHLPTFYDNKRHASDTDLKSSTLHGPLY,active,50,4,1,4,1,3,2,2,0,9,5,1,0,0,7,2,2,2,0,1,4,8.710853546014538e-18
Gat2p_31_80,-0.311,HSAPRVDPLHSTVTINSPLPLQHYNGPNAHINSANNNYAYYYHHPNNNDN,active,50,2,0,0,1,6,1,11,0,4,2,4,2,0,3,2,0,5,0,1,6,4.654401681462258e-10
Gat2p_51_100,0.07,LQHYNGPNAHINSANNNYAYYYHHPNNNDNNNHSNNTIKNNNINSVLPAV,active,50,1,0,1,0,5,1,18,0,3,1,4,2,0,2,3,0,5,0,1,3,2.736615944111779e-09
Gcr2p_330_379,-0.135,MLFDPSLSQQLQKRLQTLSQDVNSRSLTGYYTQPTSPGSGGFEFGLSHAD,active,50,3,1,1,2,1,6,1,0,8,4,1,1,1,7,0,3,2,0,5,3,1.2907102758470585e-09
Gis1p_706_755,-0.004,RSPLGVSNPLMYSSTINDYSNGTGIRQNSNNINPLDAGPSFSPLHKKPKI,active,50,2,0,3,2,1,1,7,0,8,2,1,1,1,4,4,1,2,0,4,6,9.033714401897937e-19
Gln3p_168_217,0.066,YNHGSLGNSVSKSSLFPYNSSTSNSNINQPSINNNSNTNAQSHHSFNIYK,active,50,0,0,2,0,3,2,12,0,13,2,1,1,0,2,3,2,3,0,2,2,7.14939837388751e-27
Gln3p_418_467,-0.085,NNILNVNRGGYNFNSVPSPVLMNSQSYNSSNANFNGASNANLNSNNLMRH,active,50,0,0,0,2,1,1,16,0,8,0,3,3,2,4,1,2,2,0,3,2,1.5053481518348353e-09
Gln3p_538_587,-0.271,SSPRIISSANFNSNSPLQQNLLSNSFQRQGMNIPRRKMSRNASYSSSFMA,active,50,0,0,1,5,0,4,7,0,13,0,3,0,3,3,3,3,1,0,1,3,4.246347707695158e-13
Gpb1p_443_492,-0.11199999999999999,YQFAIYNNFSPRFGHMQASISNSNNNVSNENTTTSAKGRRSISPYRQGNG,active,50,0,1,1,4,1,3,9,0,8,3,3,1,1,0,3,3,3,0,4,2,4.048793504153669e-21
Grr1p_1087_1136,-0.098,NPNFWRQFGNRMQISPDQMRNLQMGLRNQNMVRNNNNNTIDESMPDTAID,active,50,4,1,0,5,0,5,11,0,2,2,1,1,5,2,3,2,0,1,2,3,2.9119173221239724e-09
Grr1p_71_120,-0.085,EVRDATLNNIFRFDSIQRETLLPTNNGQPLNQNFSLTFQPQQQTNALNGI,active,50,2,2,0,3,0,7,8,0,2,5,2,1,0,6,3,4,0,0,2,3,0.7994840902783946
Hal9p_51_100,-0.317,QIWSMPVPDQLMTMPNRENTLMTGSTIGPNIPMNVAYPNTIYSPTEHQSQ,active,50,1,2,0,1,1,4,5,0,4,6,1,2,5,2,4,0,2,1,2,7,9.954442589103464e-17
Hap4p_91_140,0.27,NTNNILNVGPNSRNSSNNNNNNNIISNRKQASKEKRKIPRHIQTIDEKLI,active,50,1,2,5,4,1,2,14,0,5,2,1,1,0,2,7,0,0,0,1,2,2.0618116139757393e-29
Hlj1p_78_127,-0.266,RSIYDRIGRDPDDRQMPSRGAASGFRGSAGGSPMGGGFEDMFFNSRFGGQ,active,50,5,1,0,7,0,2,1,0,6,0,3,0,3,0,2,5,1,0,11,3,8.398809008787863e-20
Hms1p_81_130,-0.43200000000000005,AYYAPFQHPIHLQPPVPPVYKNNTYSATDQYSDSSFPNTSGHTPVIDSNY,active,50,3,0,1,0,3,3,4,0,6,4,3,3,0,1,2,2,6,0,1,8,1.0363725137102778e-14
Hot1p_141_190,0.023,TGRMLSQSLTNDSPSNEISTDQLKIFQRMDEMSARMIEMEESFNKLSNKI,active,50,3,5,3,3,0,3,4,0,8,3,1,0,5,4,4,2,0,0,1,1,2.5881664652979168e-20
Hpc2p_470_519,0.342,NGQVIFNLSTLIKEKYHPKSKELAQLKDSKRNLLMQLSDHSNGSLEKEKD,active,50,3,4,8,1,2,3,4,0,6,1,1,1,1,8,2,1,1,0,2,1,2.0217864844484173e-15
Hrd1p_455_504,-0.24,DIRIVPTQNIDTLAMRTRSTSTPSPTWYTFPLHKTGDNSVGSSRSAYEFL,active,50,3,1,1,4,1,1,2,0,7,8,2,2,1,3,3,2,2,1,2,4,5.796780815605524e-24
Hrk1p_81_130,-0.121,HSNATSISTNNYNNNYETNHHHNISHGLHDYTSPASPKQTHSMAELKRFF,active,50,1,2,2,1,7,1,8,0,7,5,3,0,1,2,2,2,3,0,1,2,1.4244224150513283e-23
Hrp1p_341_390,-1.176,RRGGNFGNQGDFNQMYQNPMMGGYNPMMNPQAMTDYYQKMQEYYQQMQKQ,active,50,2,1,2,2,0,10,6,0,0,1,1,0,8,0,0,2,6,0,6,3,0.999999713163657
Hrp1p_381_430,-0.307,QEYYQQMQKQTGMDYTQMYQQQMQQMAMMMPGFAMPPNAMTLNQPQQDSN,active,50,2,1,1,0,0,14,3,0,1,3,3,0,10,1,0,1,4,0,2,4,0.47701877930347186
Hrr25p_444_493,-0.066,QVPMATTRATQYPPQINSNNFNTNQASVPPQMRSNPQQPPQDKPAGQSIW,active,50,1,0,1,2,0,9,6,0,4,4,4,2,2,0,2,1,1,1,1,9,1.0999225175934045e-28
Hse1p_403_452,-0.152,QRQSYQSNEYSPYPSNLPIQHPTNSANNTPQYGYDLGYSVVSQPPPGYEQ,active,50,1,2,0,1,1,7,5,0,7,2,1,2,0,2,1,0,7,0,3,8,2.5988990746419302e-14
Hsf1p_101_150,-0.132,IYQTNLYGHNSRENTNPNSTLLSSKLLAHPPVPYGQNPDLLQHAVYRAQP,active,50,1,1,1,2,3,4,6,0,4,3,3,2,0,7,1,0,4,0,2,6,0.09116581043463182
Hsf1p_131_180,-0.15,PVPYGQNPDLLQHAVYRAQPSSGTTNAQPRQTTRRYQSHKSRPAFVNKLW,active,50,1,0,2,5,2,6,3,0,4,4,4,3,0,3,0,1,3,1,2,6,6.998318060902131e-17
Hsf1p_487_536,0.23399999999999999,TNRKKNIDENIKNNNDIINDIIFNTNLANNLSNYNSNNNAGSPIRPYKQR,active,50,3,1,4,3,0,1,16,0,3,2,2,0,0,2,7,1,2,0,1,2,1.4900307000151475e-15
Hsp42p_41_90,-1.1540000000000001,PHYGQVHVGGHHPRHHPLYSRYNGVPNTYYYQFPGQAYYYSPEYGYDDED,active,50,3,2,0,2,6,3,2,0,2,1,1,3,0,1,0,1,11,0,6,6,0.9999995276051976
Hsp42p_61_110,0.064,RYNGVPNTYYYQFPGQAYYYSPEYGYDDEDGEEEDQDEDMVGDSGTTRQE,active,50,7,7,0,2,0,4,2,0,2,3,1,2,1,0,0,1,9,0,6,3,9.565218223592042e-20
Hua1p_61_110,-0.2,YAHSHSYTPTSSQPRPPPRPQQNPSLPWTYPPRFYCSKCGNTGYKLKNGR,active,50,0,0,3,4,2,3,3,2,6,4,1,0,0,2,0,1,5,1,3,10,6.07769813187969e-15
Ies2p_271_320,0.115,KRAGKSRSHLPNDDEKNDGSSSFVKPRRPYNSEGMTRILRRYEEDLFCTF,active,50,4,4,4,7,1,0,3,1,6,2,1,1,1,3,1,3,2,0,3,3,1.3657027982376882e-20
Ime1p_188_237,-0.7440000000000001,ENFEFNEFPYTQDFYPYTTNYTYSKPTNIHESINSKNTDSYSQYQDQFPP,active,50,3,4,2,0,1,4,6,0,5,6,0,0,0,0,2,5,7,0,0,5,1.0223545610538787e-06
Ime4p_551_600,-0.307,QQYWNNMDMGSGKYYAEAKQNPMNQKHTPFESKQQQKQQFQTLNNLYFAQ,active,50,1,2,5,0,1,11,6,0,2,2,3,0,3,2,0,3,4,1,2,2,0.0045442731349821
Ino2p_124_173,0.14800000000000002,SNAIEQFLDNLISQDMMSSNASMNSESHLHIRSPKKQHRYTELNQRYPET,active,50,2,4,2,3,3,4,5,0,8,2,2,0,3,4,3,1,2,0,0,2,1.4569497351291138e-16
Ixr1p_121_170,-0.7979999999999999,NSNSNSNNNVNVNALPQDFGYMQQTGSGQNYPTINQQQFSEFYNSFLSHL,active,50,1,1,0,0,1,7,11,0,7,2,1,2,1,3,1,4,3,0,3,2,2.770185535486143e-06
Ixr1p_231_280,-0.177,ASYLSQLPQVQRYYPNNMNALSSLLDPSSAGNAAGNANTATHPGLLPPNL,active,50,1,0,0,1,1,3,7,0,6,2,7,1,1,8,0,0,3,0,3,6,0.0002371837833520392
Jsn1p_461_510,-0.13699999999999998,QLFNGAVTFQQQGNVSIPVFNQQSQQSQHQNHSSGSAGFSNVLHGYNNNN,active,50,0,0,0,0,3,10,9,0,7,1,2,4,0,2,1,4,1,0,5,1,3.212502230627753e-17
Jsn1p_983_1032,-1.133,PLNANSNSSMGYFSYPGVFPVSGFSGNASNGYAMNNDDLSSQFDMLNFNN,active,50,3,0,0,0,0,1,10,0,9,0,3,2,3,3,0,5,3,0,5,3,3.707309263773132e-05
Kic1p_396_445,-0.368,AYPDEDSYYFDPTSHNTRPFVYQGTTIGKGYPGTIAQNSTLNAPVTNNYT,active,50,3,1,1,1,1,2,5,0,3,8,3,2,0,1,2,2,6,0,4,5,6.006570171042483e-19
Kog1p_1104_1153,-0.33,SKKGPSGLYLLNGNNNIYPTAETPRFRKHTEPLQLPLNSSFLDYSREYFQ,active,50,1,3,3,3,1,2,5,0,5,3,1,0,0,7,1,3,4,0,3,5,0.999999637477307
Kog1p_1134_1183,-0.205,EPLQLPLNSSFLDYSREYFQEPQMKKQEADEPGSVEYNARLWRRNRNETI,active,50,2,7,2,5,0,4,4,0,4,1,2,1,1,5,1,2,3,1,1,4,0.0006732082297615956
Krs1p_71_120,0.059000000000000004,SQYFETRSRQIQELRKTHEPNPYPHKFHVSISNPEFLAKYAHLKKGETLP,active,50,0,5,5,3,4,3,2,0,4,3,2,1,0,4,2,3,3,0,1,5,1.2408781943434065e-07
Ksp1p_490_539,-0.22699999999999998,LKKSRKPLGIPTPNTHMNNFFHDYKARDEFNTRDFFTPPSVQHRYMEGFS,active,50,3,2,4,4,3,1,4,0,3,4,1,1,2,2,1,6,2,0,2,5,7.829940373829891e-05
Ksp1p_510_559,-0.8079999999999999,FHDYKARDEFNTRDFFTPPSVQHRYMEGFSNNNNKQYRQNRNYNNNNNNS,active,50,3,2,2,5,2,3,13,0,3,2,1,1,1,0,0,5,4,0,1,2,3.9824510535033896e-07
Ksp1p_530_579,0.107,VQHRYMEGFSNNNNKQYRQNRNYNNNNNNSNNNHGSNYNNFNNGNSYIKG,active,50,0,1,2,3,2,3,21,0,4,0,0,1,1,0,1,2,5,0,4,0,6.949157961936872e-11
Las17p_266_315,-0.121,QPQSNPFPFPIPEIPSTQSATNPFPFPVPQQQFNQAPSMGIPQQNRPLPQ,active,50,0,1,0,1,0,10,4,0,4,2,2,1,1,1,3,5,0,0,1,14,7.115606069783495e-08
Lee1p_252_301,-0.23199999999999998,IWQEQGQTTLSNPSVNQNLRYRTGPAIQEESDNEIEDLLIHNFNSRYCHE,active,50,2,6,0,3,2,5,6,1,4,3,1,1,0,4,4,1,2,1,2,2,6.334771326502813e-13
Lge1p_191_240,-0.17800000000000002,YPYSSSHTYNNYHHRETPPPPPSNGYYAKGYPVHVPENRSNSDGSSSSVV,active,50,1,2,1,2,4,0,5,0,10,2,1,4,0,0,0,0,7,0,3,8,7.688108322511511e-31
Lge1p_31_80,-0.7240000000000001,GGAGGSYYRGGNASYGARYNSDYEQPPQEGDLRQTGAYYRNGYTDTRPYY,active,50,3,2,0,5,0,3,3,0,3,3,4,0,0,1,0,0,10,0,10,3,1.6332815577248714e-10
Lge1p_61_110,-0.6859999999999999,DLRQTGAYYRNGYTDTRPYYSANSRHYQAQPSPRYNNGTNSYHLPQRGNS,active,50,2,0,0,6,2,4,6,0,5,4,3,0,0,2,0,0,8,0,4,4,3.306480092727667e-10
Lsb1p_141_190,-0.965,AASQYPSQQVSAPYAPPAGYMQAPPPQQQQAPLPYPPPFTNYYQQPQQQY,active,50,0,0,0,0,0,13,1,0,3,1,7,1,1,1,0,1,7,0,1,13,0.1773557881124884
Lsm4p_117_166,0.327,NNRGNYNRRNNNNGNSNRRPYSQNRQYNNSNSSNINNSINSINSNNQNMN,active,50,0,0,0,6,0,3,23,0,8,0,0,0,1,0,3,0,3,0,2,1,1.4602820052754741e-24
Lst4p_495_544,-0.369,LSSSISSQPGSYGSWFNKRPTISQFFQPSPSLKHNESWERLQTTAGNMQR,active,50,0,2,2,3,1,5,3,0,11,3,1,0,1,3,2,3,1,2,3,4,4.4006605699554985e-20
Maf1p_81_130,-0.06,SPFYSNRRDSNSFWEQKRRISFSEYNSNNNTNNSNGNSSNNNNYSGPNGS,active,50,1,2,1,4,0,1,15,0,12,1,0,0,0,0,1,3,3,1,3,2,6.2476106193274324e-30
Mca1p_1_50,-0.772,MYPGSGRYTYNNAGGNNGYQRPMAPPPNQQYGQQYGQQYEQQYGQQYGQQ,active,50,0,1,0,2,0,13,5,0,1,1,2,0,2,0,0,0,9,0,9,5,0.17915488152570705
Mca1p_31_80,-0.7140000000000001,YGQQYGQQYEQQYGQQYGQQNDQQFSQQYAPPPGPPPMAYNRPVYPPPQF,active,50,1,1,0,1,0,15,2,0,1,0,2,1,1,0,0,2,8,0,5,10,0.9999959502846456
Mca1p_91_140,0.067,NGYNNPNVNASNMYGPPQNMSLPPPQTQTIQGTDQPYQYSQCTGRRKALI,active,50,1,0,1,2,0,7,7,1,3,4,2,1,2,2,2,0,4,0,4,7,4.152200263642925e-15
Met4p_207_256,-0.094,FLTSQYDQSKSRFSSKNKRNGNNGETNNFGDNMQNNHPFEPNFMGSPSQF,active,50,2,2,3,2,1,4,10,0,7,2,0,0,2,1,0,6,1,0,4,3,1.5074782444180119e-18
Mga1p_271_320,-0.374,NYPMPYHPGAFAQQQQQQQQPLPTVPPYSSYSTPFPSMMNSLSNSASNSP,active,50,0,0,0,0,1,8,4,0,9,2,3,1,3,2,0,2,4,0,1,10,1.0546694293138239e-12
Mga2p_407_456,0.099,KNVPFPYSISQQTDLLQNNNLSLNLSLPNQHIPSPTSMSEEGSESFNYHH,active,50,1,3,1,0,3,4,7,0,9,2,0,1,1,6,2,2,2,0,1,5,8.524537768870272e-10
Mhp1p_231_280,-0.556,HPQSYYHGRMRTYHSPEEGKVDGTSPADDHNYGGSRPDPRLMDFLRYYKS,active,50,5,2,2,5,4,1,1,0,5,2,1,1,2,2,0,1,6,0,5,5,3.7010889040699106e-16
Mhp1p_421_470,-0.099,LWSSSSMEFDPSKITTVPGLENIRPLKHVSFATNTYFNDPPQQICSKNPR,active,50,2,2,3,2,1,2,4,1,7,4,1,2,1,3,3,3,1,1,1,6,7.131621625812324e-18
Mit1p_283_332,-0.139,NYYYKNDESSGYPITQFAPALPSTTLMYTANPPYITQSPDNTNATGMNTH,active,50,2,1,1,0,1,2,6,0,4,8,4,0,2,2,2,1,6,0,2,6,4.905480309577238e-15
Mit1p_363_412,-0.33299999999999996,NNNNINNINNVNTNAGNGNNPNRFHNASFAYNTTGDFINPQQQGQISYPF,active,50,1,0,0,1,1,4,17,0,2,3,3,1,0,0,4,4,2,0,4,3,5.128499972363868e-11
Mit1p_383_432,-0.7879999999999999,PNRFHNASFAYNTTGDFINPQQQGQISYPFYYTTIPINNPNYYTTQPPNP,active,50,1,0,0,1,1,5,8,0,2,6,2,0,0,0,4,4,6,0,2,8,0.9993114520079291
Mit1p_543_592,-0.251,ATSTNSGTMLSNPAYANSQYTPSQVYYQGFPQYAMASAQNPSMYQHQHQH,active,50,0,0,0,0,3,8,4,0,7,4,6,1,3,1,0,1,6,0,2,4,9.991541944533933e-15
Mot3p_161_210,-0.725,NQFTAAANMNSNAAAAAYYSFPTANMPIPQQDQQYMFNPASYISHYYSAV,active,50,1,0,0,0,1,5,6,0,5,2,11,1,3,0,2,3,6,0,0,4,0.21647511159769245
Mot3p_191_240,-0.226,QDQQYMFNPASYISHYYSAVNSNNNGNNAANNGSNNSSHSAPAPAPGPPH,active,50,1,0,0,0,3,3,11,0,8,0,7,1,1,0,1,1,4,0,3,6,4.411640322171876e-27
Mot3p_261_310,-0.263,NNAPQHHPTIITDQFQFQLQQNPSPNLNLNINPAQPLHLPPGWKINTMPQ,active,50,1,0,1,0,3,8,8,0,1,3,2,0,1,5,4,2,0,1,1,9,0.9699431728311102
Mot3p_51_100,-0.341,DSLASQPFNTTTVSSNKDDVMVNSGARELPMPLHQQQYIYPYYQYTSNNS,active,50,3,1,1,1,1,5,5,0,7,4,2,3,2,3,1,1,5,0,1,4,1.9307165234670166e-15
Mpe1p_176_225,0.177,PPPGYMCYRCGGRDHWIKNCPTNSDPNFEGKRIRRTTGIPKKFLKSIEID,active,50,3,2,5,5,1,0,3,3,2,3,0,0,1,1,5,2,2,1,5,6,4.539026502114168e-15
Mpt5p_660_709,-0.099,HFSLPANAYHRRSNSSVTNNFSNQYAQDQKIHSPQQIMNFNQNAYPSMGA,active,50,1,0,1,2,3,6,8,0,7,1,5,1,2,1,2,3,3,0,1,3,1.592373362798471e-11
Mpt5p_680_729,-0.196,FSNQYAQDQKIHSPQQIMNFNQNAYPSMGAPSFNSQTNPPLVSHNSLQNF,active,50,1,0,1,0,2,8,8,0,7,1,3,1,2,2,2,4,2,0,1,5,2.869782663246098e-07
Mpt5p_720_769,-0.207,LVSHNSLQNFDNRQFANLMAHPNSAAPIHSFSSSNITNVNPNVSRGFKQP,active,50,1,0,1,2,3,3,9,0,8,1,4,3,1,3,2,4,0,0,1,4,1.1755097690121506e-14
Mpt5p_750_799,-0.021,FSSSNITNVNPNVSRGFKQPGFMMNETDKINANHFSPYSNANSQNFNESF,active,50,1,2,2,1,1,2,11,0,8,2,2,2,2,0,2,6,1,0,2,3,6.586935167144084e-18
Mpt5p_780_829,-0.528,NANHFSPYSNANSQNFNESFVPRMQYQTEGANWDSSLSMKSQHIGQGPYN,active,50,1,2,1,1,2,5,8,0,8,1,3,1,2,1,1,3,3,1,3,3,1.0565260676721229e-16
Mrn1p_1_50,-0.139,MVVSYNNNNNNNNNNNNNNISNNNNNNNMFPPFPSSDDFAMYQQSSSSGP,active,50,2,0,0,0,0,2,21,0,8,0,1,2,3,0,1,3,2,0,1,4,2.084296857994345e-21
Mrn1p_41_90,-1.037,MYQQSSSSGPYQETYASGPQNFGDAVYPMNGNFTLLPSDFTREPNDSFFY,active,50,3,2,0,1,0,4,4,0,7,3,2,1,2,2,0,5,5,0,4,5,0.00026205716118234785
Mrn1p_61_110,-0.56,NFGDAVYPMNGNFTLLPSDFTREPNDSFFYENDGIFDYQRIQQQPTQFQT,active,50,5,2,0,2,0,6,5,0,2,4,1,1,1,2,2,7,3,0,3,4,0.9999972546260414
Msa2p_194_243,0.043,LLENFTSPNTTADSQGNSASNIINNNHGSANNTNQFLFNLPLQSSPRQFR,active,50,1,1,0,2,1,4,11,0,7,4,3,0,0,5,2,4,0,0,2,3,5.539266449619069e-12
Msb1p_870_919,-0.10800000000000001,FSTNSAGFKQNTINVPVGYNDPAHVLANQPHMTYRDQHNYPSHQQKQRPF,active,50,2,0,2,2,4,6,6,0,3,3,3,3,1,1,1,3,3,0,2,5,4.429444920399482e-14
Msb1p_960_1009,-0.051,LYQQMERMNPNHQHPVNTYKVTQPPYHNNTTNAYGNSRAGNAHMLDGKWS,active,50,1,1,2,2,4,4,8,0,2,4,3,2,3,2,0,0,4,1,3,4,1.27920418601601e-15
Msc3p_151_200,0.7070000000000001,SRANSITVKTTQVTDPSGRTQSITKKTIRKINGYEYVETTTTTKNLVPLG,active,50,1,2,5,3,0,2,3,0,4,12,1,4,0,2,4,0,2,0,3,2,8.713807144468015e-44
Msn2p_208_257,-0.131,SNLFIDTNPNNLNEKLRNQLNSDTNSYSNSISNSNSNSTGNLNSSYFNSL,active,50,2,1,1,1,0,1,15,0,12,3,0,0,0,6,2,2,2,0,1,1,1.7178852906220077e-18
Msn2p_528_577,0.065,PNFDLSITQMNMAPLSPASSSSTSLATNHFYHHFPQQGHHTMNSKIGSSL,active,50,1,0,1,0,5,3,4,0,10,4,3,0,3,4,2,3,1,0,2,4,1.110823387750346e-16
Mss11p_363_412,-0.45799999999999996,QFNAQTQSSMFSDQQRFFQYQLHHQNQGQAPSFQQSQSGRFDDMNAMKMF,active,50,3,0,1,2,2,13,3,0,6,1,3,0,4,1,0,7,1,0,2,1,0.024184818238687338
Mtc4p_193_242,-0.08199999999999999,TSHWEELVDPQGKLWFQSYSPSNESSGSSSSRRHHGHHIHPRRHLQHHSR,active,50,1,3,1,5,9,3,1,0,11,1,0,1,0,3,1,1,1,2,3,3,2.79837325082689e-29
Mtr2p_96_145,-0.16,CNVNCKVRFDESGRDKMGQDATVPIQPNNTGNRNRPNDMNKPRPLWGPYF,active,50,4,1,3,5,0,2,8,2,1,2,1,3,2,1,1,2,1,1,4,6,1.2293141143326951e-20
Mud2p_151_200,-0.335,FNYQRKNEGSKFNGDRDKRQLQTNKYDMNYNSQNVMYPGSSFDSPAYYNM,active,50,4,1,4,3,0,4,8,0,5,1,1,1,3,1,0,3,6,0,3,2,2.2693879493008915e-07
Mud2p_71_120,-0.019,SSIITMSTNRTTYEQTRAGPHRQSYRDASGRSYNRENRYSSHNTGPQWNN,active,50,1,2,0,7,2,3,6,0,8,6,2,0,1,0,2,0,4,1,3,2,1.8922459482235457e-33
Mum2p_1_50,-0.149,MNYMAYDYDPQHSLETSFNNLAFHPHQQSQQQALYESGERNDARPGLMNT,active,50,3,3,0,2,3,6,5,0,4,2,4,0,3,4,0,2,4,0,2,3,0.0007596545102838353
Mum2p_81_130,-0.47100000000000003,TNFNMPPSMNTYNYQNVPQASMRNTLNHNNIMNGATANDYWLDPMNNMTN,active,50,2,0,0,1,1,2,14,0,2,5,3,1,6,2,1,1,3,1,1,4,4.1552314802968225e-07
Nab3p_201_250,-0.221,TNMENVNYDLLQKQVKYIMDSNMLNLPQFQHLPQEEKMSAILAMLNSNSD,active,50,3,3,3,0,1,5,7,0,4,1,2,2,5,7,2,1,2,0,0,2,0.9994858903186272
Nab3p_567_616,-0.853,HQQNIYGAPPLPVPNGPAVGPPPQTNYYQGYSMPPPQQQQQQPYGNYGMP,active,50,0,0,0,0,1,10,4,0,1,1,2,2,2,1,1,0,6,0,6,13,6.509318673152492e-05
Nab3p_607_656,-0.584,QQPYGNYGMPPPSHDQGYGSQPPIPMNQSYGRYQTSIPPPPPQQQIPQGY,active,50,1,0,0,1,1,10,2,0,4,1,0,0,2,0,3,0,6,0,6,13,1.9733131156292083e-10
Nab6p_16_65,-0.419,RQQQDYNGMNAMVGNPMMYHPVDFVNGAGQYGPSQHPAYYTNSPLPNIPP,active,50,2,0,0,1,2,5,6,0,2,1,3,3,4,1,1,1,5,0,5,8,2.6397007214923044e-05
Naf1p_335_384,-0.446,ATSNRNGSSPVPITQHHQQQFSANNYPFPQQPNGMPYPPYSPFPQPTNFQ,active,50,0,0,0,1,2,8,6,0,5,3,2,1,1,0,1,4,3,0,2,11,7.537408191024871e-12
Naf1p_375_424,-0.991,SPFPQPTNFQYPPPPFGQATPAQFSNTVPYGSLPPAYNNMSPPTQQSFMP,active,50,0,0,0,0,0,6,4,0,5,4,3,1,2,1,0,5,3,0,2,14,3.7874495215106477e-06
Naf1p_395_444,-0.441,PAQFSNTVPYGSLPPAYNNMSPPTQQSFMPMTQSQPPLPYGVPPMNQMQN,active,50,0,0,0,0,0,7,5,0,5,3,2,2,5,2,0,2,3,0,2,12,5.830419674022272e-08
Ndd1p_31_80,-0.261,DTNFLKVMSEFKYNFNSPLPTTTQFPTPYSSNQYQQTQDHFANTDAHNSS,active,50,3,1,2,0,2,5,6,0,6,7,2,1,1,2,0,5,3,0,0,4,4.3198350534071614e-17
New1p_31_80,-0.071,FKNPAADAGSNNASKKSSYQQQRNWKQGGNYQQGGYQSYNSNYNNYNNYN,active,50,1,0,4,1,0,7,12,0,6,0,4,0,0,0,0,1,7,1,5,1,1.9567228588710137e-17
Ngr1p_470_519,-0.708,ILEQYAEDKRRLFLHQQQQQQQQQQQDGNFSMEQMAHNNYYNYNNYDYHR,active,50,3,3,1,3,3,13,6,0,1,0,2,0,2,3,1,2,6,0,1,0,0.9999999999855067
Ngr1p_490_539,-0.34600000000000003,QQQQQQDGNFSMEQMAHNNYYNYNNYDYHRNKNGSHSDLVNLQRSNVPYM,active,50,3,1,1,2,3,8,10,0,4,0,1,2,3,2,0,1,6,0,2,1,0.001880024483951847
Ngr1p_510_559,-0.565,YNYNNYDYHRNKNGSHSDLVNLQRSNVPYMQEDGALYPHQYSSPSYSLHP,active,50,3,1,1,2,4,3,7,0,7,0,1,2,1,4,0,0,8,0,2,4,0.19238613034527316
Nhx1p_584_633,0.039,DKLGTIFNSDSQWFQNFDEQVLKPVFLDNVSPSLQDSATQSPADFSSQNH,active,50,6,1,2,0,1,6,4,0,8,2,2,3,0,4,1,5,0,1,1,3,2.694796616634261e-19
Nop7p_428_477,0.2,QPQWIFDCINKGELVPANKYLPGEALPPHLSPWGDAIGYDPTAPVEEGEE,active,50,3,6,2,0,1,2,2,1,1,1,4,2,0,4,3,1,2,2,5,8,1.835176597457938e-12
Npl3p_305_354,-0.569,FSRGGFGGPRGGFGGPRGGYGGYSRGGYGGYSRGGYGGSRGGYDSPRGGY,active,50,1,0,0,7,0,0,0,0,5,0,0,0,0,0,0,3,7,0,24,3,9.477462904268422e-15
Npl3p_325_374,-0.42100000000000004,GGYSRGGYGGYSRGGYGGSRGGYDSPRGGYDSPRGGYSRGGYGGPRNDYG,active,50,3,0,0,7,0,0,1,0,6,0,0,0,0,0,0,0,9,0,21,3,6.62465379146494e-23
Npl3p_345_394,-0.226,GGYDSPRGGYDSPRGGYSRGGYGGPRNDYGPPRGSYGGSRGGYDGPRGDY,active,50,5,0,0,7,0,0,1,0,5,0,0,0,0,0,0,0,8,0,18,6,9.815377251860034e-26
Nup100p_121_170,-0.017,AFNNNSNSTNSPFGFNKPNTGGTLFGSQNNNSAGTSSLFGGQSTSTTGTF,active,50,0,0,1,0,0,2,10,0,9,8,2,0,0,2,0,6,0,0,8,2,3.460866378103621e-33
Nup100p_141_190,-0.091,GGTLFGSQNNNSAGTSSLFGGQSTSTTGTFGNTGSSFGTGLNGNGSNIFG,active,50,0,0,0,0,0,2,7,0,9,8,1,0,0,3,1,5,0,0,14,0,1.0405742246800414e-34
Nup100p_201_250,0.25,GSLFGNQQSSAFGTNNQQGSLFGQQSQNTNNAFGNQNQLGGSSFGSKPVG,active,50,0,0,1,0,0,9,8,0,8,2,2,1,0,3,0,5,0,0,10,1,5.946105568515935e-23
Nup100p_221_270,0.085,LFGQQSQNTNNAFGNQNQLGGSSFGSKPVGSGSLFGQSNNTLGNTTNNRN,active,50,0,0,1,1,0,6,11,0,7,4,1,1,0,4,0,4,0,0,9,1,1.2547922481627455e-23
Nup100p_271_320,-0.03,GLFGQMNSSNQGSSNSGLFGQNSMNSSTQGVFGQNNNQMQINGNNNNSLF,active,50,0,0,0,0,0,7,13,0,9,1,0,1,3,3,1,4,0,0,8,0,3.327622405939133e-17
Nup100p_31_80,0.217,PNSLFGNSNNNNNSTSNNAQSGFGGFTSAAGSNSNSLFGNNNTQNNGAFG,active,50,0,0,0,0,0,2,16,0,9,3,4,0,0,2,0,5,0,0,8,1,1.8795291752789126e-29
Nup100p_311_360,-0.147,INGNNNNSLFGKANTFSNSASGGLFGQNNQQQGSGLFGQNSQTSGSSGLF,active,50,0,0,1,0,0,6,10,0,9,2,2,0,0,4,1,5,0,0,10,0,4.2612766460536445e-19
Nup100p_91_140,-0.10300000000000001,FGSLNSSNASNGNTFGGSSSMGSFGGNTNNAFNNNSNSTNSPFGFNKPNT,active,50,0,0,1,0,0,0,14,0,11,4,2,0,1,1,0,6,0,0,8,2,7.661604183194389e-33
Nup116p_140_189,-0.305,QSITCMPEYRNFSFEELRFQDYQAGRKFGTSQNGTGTTFNNPQGTTNTGF,active,50,1,3,1,3,0,5,5,1,3,8,1,0,1,1,1,6,2,0,6,2,8.150934090769593e-15
Nup116p_260_309,-0.039,LFGNTTNNPTNGTNNTGLFGQQNSNTNGGLFGQQQNSFGANNVSNGGAFG,active,50,0,0,0,0,0,5,13,0,3,6,2,1,0,3,0,5,0,0,11,1,8.961628316308738e-21
Nup116p_360_409,-0.217,LFGQSAGSKAFGMNTNPTGTTGGLFGQTNQQQSGGGLFGQQQNSNAGGLF,active,50,0,0,1,0,0,8,5,0,4,5,3,0,1,4,0,5,0,0,13,1,3.7236094330105756e-17
Nup116p_51_100,-0.126,APAFGNFGNQTSNSPFGMSGSTTANGTPFGQSQLTNNNASGSIFGGMGNN,active,50,0,0,0,0,0,3,9,0,7,5,4,0,2,1,1,5,0,0,10,3,2.4147520382469766e-28
Nup159p_703_752,-0.361,AFDFGSSSFGSGFSKALESVGSDTTFKFGTQASPFSSQLGNKSPFSSFTK,active,50,2,1,4,0,0,2,1,0,13,4,3,1,0,2,0,9,0,0,6,2,1.9665434920398443e-26
Nup42p_201_250,0.011000000000000001,AFGKPTFGAATNTQSPFGTIQNTSTSSGTGVSPFGTFGTNSNNKSPFSNL,active,50,0,0,2,0,0,2,6,0,8,9,3,1,0,1,1,6,0,0,7,4,1.751653798933621e-35
Nup49p_1_50,-0.055999999999999994,MFGLNKASSTPAGGLFGQASGASTGNANTGFSFGGTQTGQNTGPSTGGLF,active,50,0,0,1,0,0,3,4,0,6,7,5,0,1,3,0,5,0,0,13,2,4.737346157796935e-29
Nup49p_101_150,-0.278,GLFGANSNSNSGSLFGSNNAQTSRGLFGNNNTNNINNSSSGMNNASAGLF,active,50,0,0,0,1,0,1,14,0,10,2,4,0,1,4,1,4,0,0,8,0,1.1769852419511766e-21
Nup57p_1_50,-0.136,MFGFSGSNNGFGNKPAGSTGFSFGQNNNNTNTQPSASGFGFGGSQPNSGT,active,50,0,0,1,0,0,3,9,0,8,4,2,0,1,0,0,7,0,0,12,3,1.8143251507735105e-29
Nup57p_101_150,0.162,GTGLFGQQTAQPQQSTIGGGLFGNKPTTTTGGLFGNSAQNNSTTSGGLFG,active,50,0,0,1,0,0,6,4,0,4,9,2,0,0,4,1,4,0,0,13,2,9.30504878894063e-28
Nur1p_346_395,0.18100000000000002,REVYNYEKREFEALPKMTESVPGSRETRIKDYGGISQVSDHQSHPIGFHY,active,50,2,6,3,4,3,2,1,0,5,2,1,3,1,1,3,2,4,0,4,3,2.179786138664334e-20
Nvj1p_272_321,0.1,SFPISFKGSIDLKSLNQPSSLLHIQVSPTKSSNLDAQVNTEQAYSQPFRY,active,50,2,1,3,1,1,5,3,0,10,2,2,2,0,5,3,3,2,0,1,4,1.2607208980382962e-12
Opy1p_31_80,-0.311,TPTAQSSSGNNGAADGAPQGYHHHHHHHRHLWWPRTTDHQYWCVLRKNQF,active,50,2,0,1,3,9,4,3,1,3,4,4,1,0,2,0,1,2,3,4,3,4.794091248615139e-20
Pab1p_413_462,-0.767,ARNQMRYQQATAAAAAAAAGMPGQFMPPMFYGVMPPRGVPFNGPNPQQMN,active,50,0,0,0,3,0,6,4,0,0,1,10,2,6,0,0,3,2,0,5,8,0.00010195307893809046
Pab1p_443_492,-0.495,YGVMPPRGVPFNGPNPQQMNPMGGMPKNGMPPQFRNGPVYGVPPQGGFPR,active,50,0,0,1,3,0,4,5,0,0,0,0,4,5,0,0,3,2,0,10,13,6.990989364576912e-07
Pam1p_625_674,-0.031,SVMPNIGYVPGLTNNEYGRKFNGNGMNGTQSRLNSLSNQSTFRSQQGPPI,active,50,0,1,1,3,0,4,8,0,6,3,0,2,2,3,2,2,2,0,7,4,9.683190631069907e-16
Pan1p_151_200,0.12,YQAANTANVHSVQPLQSQGTGYYVSTPNLISSNQTQQPLQAQGTGYYQSQ,active,50,0,0,0,0,1,11,4,0,6,5,4,3,0,3,1,0,5,0,4,3,1.6358634619854292e-19
Pan1p_486_535,-0.138,TTGMMPQTSFGVNLGPQLTGGALQSQYTGGYGSVMPQQSGPASMPNLSFN,active,50,0,0,0,0,0,6,3,0,6,5,2,2,4,4,0,2,2,0,9,5,2.605202513104745e-16
Par32p_241_290,0.48200000000000004,AGNIISPKSSRNTINHNLNDDDEDKFNLKDDNGKEKKKKKKKKSGFFSSL,active,50,6,2,12,1,1,0,7,0,6,1,1,0,0,3,3,3,0,0,3,1,2.6201189477241933e-38
Pat1p_151_200,-0.256,QRQMQQQFMNFHAMGHPQGLPQGPPQQQFPMQPASGQPGPSQFAPPPPPP,active,50,0,0,0,1,2,13,1,0,2,0,3,0,4,1,0,4,0,0,5,14,2.757922190850828e-07
Pbp1p_503_552,-0.275,FIKSKEAHDEKKKGDDASENMEPFFIEKPYFTAPTWLNTIEESYKTFFPD,active,50,4,7,7,0,1,0,2,0,3,4,3,0,1,1,3,6,2,1,1,4,8.211056603240645e-17
Pbp1p_604_653,-0.545,PMMNGFAAGSMGMYMPFQPQPMFYHPSMPQMMPVMGSNGAEEGGGNISPH,active,50,0,2,0,0,2,3,3,0,4,0,3,1,10,0,1,3,2,0,8,8,0.00011912537617833616
Pdr1p_1017_1066,-0.43200000000000005,NNNKNNINNINNNNSNNFSATSFNLGTLDEFVNNGDLEDLYSILWSDVYP,active,50,4,2,1,0,0,0,16,0,5,2,1,2,0,5,3,3,2,1,2,1,1.2661473858358064e-05
Pex5p_151_200,-0.091,ASSRFQYPNTMMNNYAYASMNSLSGSRLQSPAFMNQQQSGRSKEGVNEQE,active,50,0,3,1,3,0,6,6,0,9,1,4,1,4,2,0,2,3,0,3,2,2.441606869495466e-18
Pfs2p_1_50,-0.11,MDGHNQNQYQNQNQIQQSQQPPLKKYVTQRRSVDVSSPYINLYYNRRHGL,active,50,2,0,2,4,2,10,6,0,4,1,0,3,1,3,2,0,5,0,2,3,6.6750807082959674e-06
Pho81p_235_284,0.196,NNNNNNNNNNNNNNILHNNYELTTSKISENQLEHLFQASSSSLDMEMEIE,active,50,1,6,1,0,2,2,17,0,6,2,1,0,2,5,3,1,1,0,0,0,1.1891335476479632e-16
Pho87p_5_54,-0.381,HFLKYNAVPEWQNHYLDYNELKNLIYTLQTDELKQETPTGDLNDDADSQT,active,50,6,4,3,0,2,4,5,0,1,5,2,1,0,7,1,1,4,1,1,2,5.379218195429457e-06
Pho92p_67_116,0.011000000000000001,KKENKEEITHENYTHQINSIPLTSSNLNRHFSFSRDYNQSDNSNNNYYRE,active,50,2,5,3,3,3,2,10,0,7,3,0,0,0,2,3,2,4,0,0,1,8.054851598501723e-20
Pig2p_11_60,-0.166,LMDEPLNLPNNSAHNNNYGNINANIRTFAGMSMHMHPARLNSLEFLHKPR,active,50,1,2,1,3,4,0,10,0,3,1,4,0,4,6,2,2,1,0,2,4,0.9999961014705786
Pil1p_1_50,0.218,MHRTYSLRNSRAPTASQLQNPPPPPSTTKGRFFGKGGLAYSFRRSAAGAF,active,50,0,0,2,6,1,2,2,0,6,4,6,0,1,3,0,4,2,0,5,6,1.3766264676555725e-12
Pin2p_226_275,-0.889,FDISDYGENYYYDNNNINNNLQGNSYNTPSSNHRSPYPTENYQSYQGYKP,active,50,3,2,1,1,1,3,11,0,6,2,0,0,0,1,2,1,9,0,3,4,8.834580856299072e-07
Pin4p_610_659,-0.486,NFSYQSYHDESMLSAHNLNSADLIYKSLSHSGLDDGLEQGLNRSLSGLDL,active,50,5,2,1,1,3,2,4,0,10,0,2,0,1,10,1,1,3,0,4,0,0.021673108570051947
Pip2p_926_975,-0.242,NRAAPNLNFMPINNNYNNSGSNINNNDNVKLPSNFKNYYDPPMSSLDISM,active,50,3,0,2,1,0,0,15,0,6,0,2,1,3,3,3,2,3,0,1,5,1.5692901563416863e-05
Pog1p_172_221,-0.397,HRRYRSDIPTVSEVETGVGYPQIHQQPGAYTLPMPANQWMSNPYMQPPQP,active,50,1,2,0,3,2,6,2,0,3,3,2,3,3,1,2,0,4,1,3,9,1.4814125650610353e-13
Pog1p_262_311,-0.138,SLNQHGLYQQNIGAHPVMSMGPQANIYGQQHQLQPGQERDQSRKSFSHRR,active,50,1,1,1,4,4,10,3,0,5,0,2,1,2,3,2,1,2,0,5,3,2.1501618584321043e-12
Pom152p_1_50,-0.10800000000000001,MEHRYNVFNDTPRGNHWMGSSVSGSPRPSYSSRPNVNTTRRFQYSDDEPA,active,50,3,2,0,6,2,1,5,0,8,3,1,3,2,0,0,2,3,1,3,5,2.332418489874159e-29
Psk1p_235_284,-0.265,GTPVFPNLDPTHSQTFHRANSLAYLPSILPEQDPLLKHNNSLFRGDYGNN,active,50,3,1,1,2,3,2,6,0,4,3,2,1,0,7,1,3,2,0,3,6,0.8753834632594059
Psk1p_255_304,-0.073,SLAYLPSILPEQDPLLKHNNSLFRGDYGNNISPERPSFRQPFKDQTSNLR,active,50,3,2,2,4,1,3,5,0,6,1,1,0,0,7,2,3,2,0,2,6,0.9971834348927904
Psp1p_131_180,0.11199999999999999,MSAPPISSNNNNLNSTQMGNYQAQQRSFPQFNGNSFHSNGNDLMGNRMDS,active,50,2,0,0,2,1,5,11,0,8,1,2,0,4,2,1,3,1,0,4,3,1.8056955951491265e-17
Psp1p_191_240,-0.12300000000000001,IGFTSNSGSNFAAPSHSAGNPSSMNNQQVPSFNWQQPSHPESTIRRSSYI,active,50,0,1,0,2,2,4,6,0,12,2,3,1,1,0,3,3,1,1,3,5,6.13792512697198e-31
Psp1p_271_320,0.14400000000000002,FNSRFNYDNLNSTHLTAKGVPEFGNGVQPPYPYDNEPNNASISNSNNNNN,active,50,2,2,1,1,1,1,14,0,5,2,2,2,0,2,1,3,3,0,3,5,3.879553733739627e-17
Psp1p_61_110,-0.779,NNLRNSIKSAGNGMENRRTFDDIDFMGRFPYLPPVPNQQQQPFSHQNGFI,active,50,3,1,1,4,1,5,7,0,3,1,1,1,2,2,3,5,1,0,4,5,0.13732051978969395
Psp1p_81_130,-0.124,DDIDFMGRFPYLPPVPNQQQQPFSHQNGFIQEHPSSNLTSFQMSSSNSEP,active,50,3,2,0,1,2,7,4,0,8,1,0,1,2,2,2,5,1,0,2,7,7.356021915482766e-12
Psp2p_61_110,-0.536,RDGHQQHPHGGHGPMNRSRFSNAGPFGGGSMGDFANHHHPLQHQQGPPYI,active,50,2,0,0,3,8,5,3,0,3,0,2,0,2,1,1,3,1,0,10,6,1.6474968931448955e-17
Pti1p_293_342,-0.262,EVSNNPNNMPLNVAMPMPMSTPPFIPLPLQQQPFGFAPPGPFMPPAQGPS,active,50,0,1,0,0,0,4,5,0,3,1,3,2,5,3,1,4,0,0,3,15,0.6949527602224569
Ptk2p_171_220,-0.264,SMASHHFPNENIVYNPYGISPNHARPDTAFADTLNTNKENDLSFYMHDGN,active,50,4,2,1,1,4,0,8,0,4,3,4,1,2,2,2,3,3,0,2,4,1.159538175550049e-13
Pub1p_238_287,0.09,AAKRDNNNNNNYQQRRNYGNNNRGGFRQYNSNNNNNMNMGMNMNMNMNMN,active,50,1,0,1,5,0,3,22,0,1,0,2,0,7,0,0,1,3,0,4,0,1.8357889816326833e-07
Puf2p_435_484,-0.292,YQLQQSLQQPELQQQPTSFNQPNLTYCNPTQNLSHLQLSSNENEPYPFPL,active,50,0,3,0,0,1,11,6,1,5,3,0,0,0,8,0,2,3,0,0,7,0.9999999629065941
Puf2p_966_1015,-0.028999999999999998,ELNSQFDSFRIANGTNLSLPIVNLPNVSNNNNNYNNSGYSSQMNPLSRSV,active,50,1,1,0,2,0,2,13,0,9,1,1,3,1,5,2,2,2,0,2,3,6.499181986151099e-10
Puf3p_273_322,-0.361,VFRPSNNPAAVGATNVALPNQQDGPANNNFPPYMNGFPPNQFHQGPHYQN,active,50,1,0,0,1,2,5,10,0,1,1,5,3,1,1,0,4,2,0,4,9,4.495289988371552e-08
Puf3p_303_352,-0.13,PPYMNGFPPNQFHQGPHYQNFPNYLIGSPSNFISQMISVQIPANEDTEDS,active,50,2,2,0,0,2,5,6,0,5,1,1,1,2,1,4,4,3,0,3,8,0.0017844478032282716
Puf3p_373_422,-0.086,PNNSPFPFAYPNPMMFMPPPPLSAPQQQQQQQQQQQQEDQQQQQQQENPY,active,50,1,2,0,0,0,19,4,0,2,0,2,0,3,1,0,3,2,0,0,11,7.852117589752575e-06
Puf4p_301_350,-0.7859999999999999,PTTYGAAYPYGGPLLQPNPIMPGHPHNISSPIYGIRSPFPNSYEMGAQFQ,active,50,0,1,0,1,2,3,3,0,4,2,3,0,2,2,4,2,5,0,6,10,0.9956775920310587
Puf4p_321_370,-0.469,MPGHPHNISSPIYGIRSPFPNSYEMGAQFQPFSPILNPTSHSLNANSPIP,active,50,0,1,0,1,3,2,5,0,8,1,2,0,2,2,5,3,2,0,3,10,8.783006693096995e-07
Puf4p_51_100,-1.02,QDSQFANGPPSQMFPHPQMMGGMGFMPYSQMMQVPHNPCPFFPPPDFNDP,active,50,3,0,0,0,2,6,3,1,3,0,1,1,7,0,0,6,1,0,4,12,0.9909449403375946
Puf4p_71_120,-0.758,GGMGFMPYSQMMQVPHNPCPFFPPPDFNDPTAPLSSSPLNAGGPPMLFKN,active,50,2,0,1,0,1,2,4,1,4,1,2,1,5,3,0,5,1,0,5,12,0.9561224822672612
Rap1p_493_542,-0.185,RNMTMDPNHVPGSEPNFAAYRTQSRRGPIAREFFKHFAEEHAAHTENAWR,active,50,1,5,1,6,4,1,4,0,2,3,7,1,2,0,1,4,1,1,2,4,1.3078255446382164e-17
Rap1p_548_597,-0.028999999999999998,FLLAYGIDDYISYYEAEKAQNREPEPMKNLTNRPKRPGVPTPGNYNSAAK,active,50,2,4,4,3,0,1,5,0,2,2,5,1,1,3,2,1,5,0,3,6,1.1695760489761142e-09
Rat1p_919_968,-0.882,GGYRAFFYFAELSRNNVQPAHNYGRNSYNSQPGFNNSRYDGGNNNYRQNS,active,50,1,1,0,5,1,3,11,0,5,0,3,1,0,1,0,4,6,0,6,2,0.8221222497772183
Rbs1p_283_332,-0.282,RRNKENGGYQSGYSSPYLVYPPPQMGGNSLPTYPLMYNPAGPAPGPAPSP,active,50,0,1,1,2,0,2,4,0,5,1,3,1,2,3,0,0,6,0,7,12,5.116759419964848e-09
Rbs1p_362_411,-1.2429999999999999,PMYPPYQYQYQYQYNTQYHSGPYSNTPSYNSNNYTRSSANKYHHFQGKNS,active,50,0,0,2,1,3,6,7,0,7,3,1,0,1,0,0,1,11,0,2,5,0.13762060335968268
Rec114p_159_208,0.147,VCFTEGPKVSSYTNPNTQFQTQNMIMDFSQRYQEESERESNNRSNITLPH,active,50,1,5,1,3,1,5,6,1,6,5,0,2,2,1,2,3,2,0,1,3,5.1089786667195327e-23
Rga1p_537_586,0.08800000000000001,SMYRTPPLDSSLTFDRRNGSSYSNQNYSIPSWQKTPKTQLENSDNFEEQK,active,50,3,3,3,3,0,4,5,0,9,4,0,0,1,3,1,2,3,1,1,4,2.2201665938934213e-24
Rgt1p_308_357,-0.52,QQQSQPQAHQQKLQQGQNLYSYSQFSQQQPYNPSISSFGQFAANGFHSRQ,active,50,0,0,1,1,2,16,3,0,8,0,3,0,0,2,1,4,3,0,3,3,1.2242159096064633e-07
Rim4p_432_481,-0.059000000000000004,NGGSNFNHHQFFSTRSGKTFTGPELNLAPPPINMYRKMSGGSQQESETMM,active,50,0,3,2,2,2,3,5,0,6,4,1,0,4,2,1,4,1,0,6,4,1.3459929189444076e-17
Rim4p_482_531,-0.475,PYMPMGPMPMGPPPPNAASLSDFDMFPPSYSTFMKGMMPLRRKSMPNSWS,active,50,2,0,2,2,0,0,2,0,7,1,2,0,9,2,0,3,2,1,3,12,0.004672928959832372
Rim4p_602_651,-1.2229999999999999,YARRSSYGYNEVPPKPYYFQPYYYHPMQYHMGPMGPLHPSQGSAGNHHPY,active,50,0,1,1,2,5,3,2,0,4,0,2,1,3,1,0,1,10,0,5,9,0.9999999999962268
Rim4p_622_671,-0.667,PYYYHPMQYHMGPMGPLHPSQGSAGNHHPYMMVYPMSPPPPSGLDGSMIP,active,50,1,0,0,0,5,2,1,0,5,0,1,1,7,2,1,0,6,0,6,12,0.9939607715806487
Rlm1p_420_469,-0.629,YPFGSGSSPLFSATQPYIATPLQPSNIPGGPFQQNTSFLAQRQTQQYQQM,active,50,0,0,0,1,0,10,2,0,6,4,3,0,1,3,2,4,3,0,4,7,0.006626281748742512
Rnq1p_121_170,0.522,SMLSGSGGGSQSMGASGLAALASQFFKSGNNSQGQGQGQGQGQGQGQGQG,active,50,0,0,1,0,0,11,2,0,9,0,4,0,2,3,0,2,0,0,16,0,1.1328704793138941e-35
Rnq1p_241_290,-0.17600000000000002,SQGYNNQQYQGGNGGYQQQQGQSGGAFSSLASMAQSYLGGGQTQSNQQQY,active,50,0,0,0,0,0,15,4,0,7,1,3,0,1,2,0,1,5,0,11,0,5.17867207123786e-19
Rod1p_589_638,0.008,ANRYNNIINAGLNSPSLTPSFAHLSRRNSYSRQTSSTSLKNDLELTDLSR,active,50,2,1,1,5,1,1,7,0,10,4,3,0,0,7,2,1,2,0,1,2,3.717757195790106e-15
Rof1p_304_353,-0.078,CNTYNTLPQQPTAAPYERRGVSPSVIYSSNTLSPIPYQNIDPYSSRSGPE,active,50,1,2,0,3,0,3,4,1,8,4,2,2,0,2,3,0,5,0,2,8,2.28015682170513e-21
Rox1p_160_209,0.157,RLPIPSVNTSNYMVSRSLSGLPLTHDKTARDLPQLSSQLNSIPYYSAPHD,active,50,3,0,1,3,2,2,3,0,9,3,2,2,1,7,2,0,3,0,1,6,2.9367308988569975e-11
Rpn4p_21_70,-0.552,YHTNPGHSQFTSHYQNYHPNASITPYKLVNKNKENNTFTWNHSLQHQNES,active,50,0,2,3,0,6,4,9,0,5,5,1,1,0,2,1,2,4,1,1,3,7.913572446087852e-17
Rpn4p_51_100,-0.244,KNKENNTFTWNHSLQHQNESSAASIPPQQTYHFPIFNKYADPTLTTTTSF,active,50,1,2,3,0,3,4,6,0,5,8,3,0,0,2,2,4,2,1,0,4,4.568575671741302e-20
Rrd1p_306_355,-0.11699999999999999,WFGTGFFPWVNIQNGTDLPVFEEKEEESIEQANAGSPGREQTSTRFPTST,active,50,1,7,1,2,0,3,3,0,4,6,2,2,0,1,2,5,0,2,5,4,3.564645262052428e-26
Rsa1p_21_70,-0.36,TYSGTLSDGYDESKIKRQKTDSAFNAAYSPHMYPNSPYYEGSWNTGYTPQ,active,50,3,2,3,1,1,2,3,0,7,5,3,0,1,1,1,1,7,1,4,4,1.8562970618481337e-22
Rsa1p_52_101,-1.162,MYPNSPYYEGSWNTGYTPQLHHVAPHNQYFHPIQPSTQYNYTSPPNYTEN,active,50,0,2,0,0,4,4,6,0,4,5,1,1,1,1,1,1,8,1,2,8,0.0022758183822385266
Rsc1p_621_670,0.001,SIPSSNFRSSSNTPLLHQNFNQTSNFLKLENMNNSSHNLLSHPSVPKFQS,active,50,0,1,2,1,3,3,9,0,12,2,0,1,1,6,1,4,0,0,0,4,2.3651254902839905e-12
Rsf2p_482_531,0.068,SHHSPFDLGCFSHDKPTVSEFNLPSSFPNTIPSNSTTASNSYSNLANQTY,active,50,2,1,1,0,3,1,6,1,11,5,2,1,0,3,1,4,2,0,1,5,8.895936954440609e-25
Rsp5p_228_277,-0.35100000000000003,YGRLPPGWERRTDNFGRTYYVDHNTRTTTWKRPTLDQTEAERGNQLNANT,active,50,3,3,1,7,1,2,5,0,0,9,2,1,0,3,0,1,3,2,4,3,5.606805597898367e-21
Rsp5p_368_417,-0.006,IRTYGPTNTTIQQQPVSQLGPLPSGWEMRLTNTARVYFVDHNTKTTTWDD,active,50,3,1,1,3,1,4,3,0,2,10,1,3,1,3,2,1,2,2,3,4,4.9471224210972586e-23
Rtc1p_31_80,-0.235,GEFLGSSSSNNSSFRMNHYSNSGQPSVLDSIRRPNLTPTFSYSNGVYMPE,active,50,1,2,0,3,1,1,6,0,12,2,0,2,2,3,1,3,3,0,4,4,5.563995880911635e-18
Rtc1p_51_100,-0.384,NSGQPSVLDSIRRPNLTPTFSYSNGVYMPESHRTSSFNDSYLPYDKNPYA,active,50,3,1,1,3,1,1,5,0,9,3,1,2,1,3,1,2,5,0,2,6,1.9650457454540372e-14
Rtg3p_201_250,-0.131,YSSSFSYNPQSLGPASVSSTYSPKVRSPSSSFRAGSFLSSSFRHGSINTP,active,50,0,0,1,3,1,1,2,0,18,2,2,2,0,2,1,4,3,0,3,5,4.5284393542229105e-29
Rtt102p_11_60,-0.6659999999999999,NKVSYYGNPTSKESWRYDWYQPSKVSSNVQQPQQQLGDMENNLEKYPFRY,active,50,2,3,4,2,0,6,5,0,6,1,0,3,1,2,0,1,6,2,2,4,2.6394671253977762e-11
Saf1p_308_357,-0.039,TMPSMGPHENIYSQIEMLERSANKAVPGNNHIRRMFARNSFPLYSGRDEN,active,50,1,4,1,5,2,1,6,0,5,1,3,1,4,2,3,2,2,0,3,4,1.365559888411271e-10
Sap1p_119_168,0.145,DMPSSKTYTNHSSSFTRSTEPPPVFQMVPGRMMKTLRNRNACGYKTAYSN,active,50,1,1,3,4,1,1,4,1,7,6,2,2,4,1,0,2,3,0,2,5,6.541121938857599e-26
Scd5p_21_70,-0.376,KRPSNGLGPPSVSFDFGINTAAPHDSSFWDQGSRSHSDTTLSYRNNHSNT,active,50,4,0,1,3,3,1,5,0,10,4,2,1,0,2,1,3,1,1,4,4,1.2885102333089976e-34
Scd6p_248_297,-0.132,SFFDTISTSTETNTNMRWQEEKMLNVDTFGQASARPRFHSRGLGRGRGNY,active,50,2,3,1,6,1,2,4,0,5,6,2,1,2,2,1,4,1,1,5,1,4.160161653757129e-20
Scd6p_38_87,0.183,VRCFGTEGRKNWGPEEIYPNPTVYNSVKFNGSEVKDLSILDANINDIQPV,active,50,3,4,3,2,0,1,6,1,3,2,1,5,0,2,4,2,2,1,4,4,1.4894485937012598e-18
Sch9p_729_778,-0.14800000000000002,MQAKFAGFTFVDESAIDEHVNNNRKFLQNSYFMEPGSFIPGNPNLPPDED,active,50,4,4,2,1,1,2,6,0,3,1,3,2,2,2,2,6,1,0,3,5,7.117754271528992e-07
Sdd4p_184_233,-0.615,FPQQLRAPLQQPMLQQQMHPQQASPTFPSYDPRIRNNGQNGNQFFNLIFD,active,50,2,0,0,3,1,11,5,0,2,1,2,0,2,4,2,5,1,0,2,7,0.9999999999994535
Sdd4p_204_253,0.067,QQASPTFPSYDPRIRNNGQNGNQFFNLIFDNRTGVNGFEVDAANNNGNGN,active,50,3,1,0,3,0,4,12,0,2,2,3,2,0,1,2,5,1,0,6,3,2.332695344016888e-13
Sdd4p_224_273,-0.10300000000000001,GNQFFNLIFDNRTGVNGFEVDAANNNGNGNDQNMNINPAVQQQRYQDRNF,active,50,4,1,0,3,0,6,13,0,0,1,3,3,1,1,2,5,1,0,5,1,4.5681811107187743e-07
Sds3p_225_274,-0.198,GSRQGSQFPHFNNLTYKSGMNSDSDFLQGINEGTDLYAFLFGEKNPKDNA,active,50,4,2,3,1,1,3,6,0,5,2,2,0,1,4,1,5,2,0,6,2,4.52550863405273e-09
Sec9p_141_190,-0.145,GSVNAAPYGDYGGGYNGTSLNSYNNDGPYSNQNTSNSWVNANGRNSLNHS,active,50,2,0,0,1,1,1,12,0,8,2,3,2,0,2,0,0,5,1,8,2,2.0630635384020704e-28
Sen2p_75_124,-0.207,LWNNGFFGTGQFSRSEPTWKARTEARLGLNDTPLHNRGGTKSNTETEMTL,active,50,1,4,2,4,1,1,5,0,3,8,2,0,1,5,0,3,0,2,6,2,5.457507023440632e-20
Set1p_1_50,-0.51,MSNYYRRAHASSGSYRQPQEQPQYSRSGHYQYSNGHSHQQYSSQYNQRRR,active,50,0,1,0,7,4,9,3,0,10,0,2,0,1,0,0,0,8,0,3,2,1.658299974915422e-14
Set1p_41_90,0.023,YSSQYNQRRRYNHNDGTRRRYNDDRPHSSNNASTRQYYATNNSQSGPYVN,active,50,3,0,0,8,2,4,9,0,7,3,2,1,0,0,0,0,7,0,2,2,4.7195925370278873e-23
Sfl1p_454_503,-0.29100000000000004,QQHVTYAKQPAHVPNFINQPIPIQQLPPQYADTFSTPQMMHNPFASKNNN,active,50,1,0,2,0,3,8,6,0,2,3,4,2,2,1,3,3,2,0,0,8,2.1235295134751784e-08
Sgf73p_425_474,0.276,TDYKFRVRTPQPINHLTNQNLNPKQIQRLQQQRALQAQLLSQQQQQQQQQ,active,50,1,0,2,4,1,18,4,0,1,3,2,1,0,6,2,1,1,0,0,3,0.1808184926505834
Sgn1p_151_200,-1.825,NSQNQYFQQWQWNYPLMAYPNPDTFPYYPPYPPNQSPNQNFGYNKNNYYR,active,50,1,0,1,1,0,7,10,0,2,1,1,0,1,1,0,3,9,2,1,9,1.0
Sin3p_516_565,-0.419,QQQQFLYPASGYYGHPSNRGIPQQNLPPIGSFSPPTNGSTVHEAYQDQQH,active,50,1,1,0,1,3,9,3,0,5,2,2,1,0,2,2,2,4,0,5,7,8.508101184170165e-12
Sis1p_111_160,-1.074,AFNIFSQFFGGSSPFGGADDSGFSFSSYPSGGGAGMGGMPGGMGGMHGGM,active,50,2,0,0,0,1,1,1,0,8,0,3,0,5,0,1,7,1,0,17,3,2.0709980149513205e-15
Sis1p_77_126,-0.73,PSFGPGGPGGAGGAGGFPGGAGGFSGGHAFSNEDAFNIFSQFFGGSSPFG,active,50,1,1,0,0,1,1,2,0,6,0,5,0,0,0,1,9,0,0,18,5,3.2469161041881906e-17
Skg3p_911_960,-0.066,NSSMYSFQSSQHRFHSSQQRQNQSLSFRNNTYGSGNNQNTFHPSPQLQQQ,active,50,0,0,0,3,3,11,7,0,11,2,0,0,1,2,0,4,2,0,2,2,4.862368587392486e-17
Skg6p_493_542,-0.518,QYQQQEQSPVYNGHTQYPGNGYSGNPQQQGYTAQFVQNPQWYGVPTPQQQ,active,50,0,1,0,0,1,15,4,0,2,3,1,3,0,0,0,1,6,1,6,6,1.7207286733078163e-13
Skg6p_513_562,-0.233,GYSGNPQQQGYTAQFVQNPQWYGVPTPQQQQHNHPQTLETIGELPTPAYL,active,50,0,2,0,0,2,11,3,0,1,5,2,2,0,3,1,1,4,1,5,7,1.5910975560520569e-09
Skn1p_101_150,0.425,KNSPERNGQRMSDYKGYYAKTNLTSANNLNNHNNNNYKNIISSSNDNSFA,active,50,2,1,4,2,1,1,14,0,7,2,3,0,1,2,2,1,4,0,2,1,7.185129613923476e-23
Sla1p_1195_1244,-0.47200000000000003,MNTFNTGGAMQQPQQQALQNQPTGFGFGNGPQQSRQANIFNATASNPFGF,active,50,0,0,0,1,0,10,7,0,2,4,5,0,2,1,1,6,0,0,7,4,5.761614757651825e-10
Smi1p_1_50,0.07200000000000001,MDLFKRKVKEWVYSLSTDDHYAEYNPDETPTFNMGKRLNSNNGQVNPSQM,active,50,4,3,4,2,1,2,6,0,4,3,1,3,3,3,0,2,3,1,2,3,1.085906358383915e-16
Smp1p_199_248,-0.051,DQQHVANEAIHRNFMNKRIRPDTHLLLSESNHSNYHNFYPSPYENLPKPS,active,50,2,3,2,3,5,2,7,0,5,1,2,1,1,4,2,2,3,0,0,5,5.879090648327253e-06
Smp1p_232_281,-0.22899999999999998,NYHNFYPSPYENLPKPSLPASLVGNIPSFQSQFVQVIPANSNPMGKGFNG,active,50,0,1,2,0,1,3,7,0,6,0,2,3,1,3,2,4,3,0,4,8,0.35340266334806003
Sna4p_69_118,-0.161,AEYVYYYQQGWVDSERNVPSNRPQNSQTPQNRPQQGSSARNVYPSVETPL,active,50,1,3,0,4,0,7,5,0,6,2,2,5,0,1,0,0,5,1,2,6,2.341960384245624e-23
Snt1p_1176_1225,-0.055999999999999994,PTFPLPAPRTSPISRAPPKFNFSNDPLAALAAVASAPDAMSSFLSKKENN,active,50,2,1,3,2,0,0,4,0,7,2,9,1,1,4,1,4,0,0,0,9,5.3682413591801735e-18
Snt1p_211_260,-0.39799999999999996,SPHSYYSRSNKWRSIGTPSRPPFDNHVGNMTTTSNTNSIHQREPFWKANS,active,50,1,1,2,4,3,1,6,0,9,5,1,1,1,0,2,2,2,2,2,5,7.532583871260296e-32
Sok2p_31_80,-0.6990000000000001,STIGQSTQQQQQQQQYLGQSVQPLMPVSYQYVVPEQWPYPQYYQQPQSQS,active,50,0,1,0,0,0,18,0,0,6,2,0,4,1,2,1,0,6,1,2,6,6.064561326334915e-08
Sok2p_61_110,-0.294,YVVPEQWPYPQYYQQPQSQSQQQLQSQPQMYQVQESFQSSGSDSNASNPP,active,50,1,2,0,0,0,15,2,0,9,0,1,3,1,1,0,1,5,1,1,7,4.637294305007163e-18
Spc25p_42_91,-0.292,EMRQLHNQHQHLIDELQRLATQRTALQQQIHAAQQATNTTREQWRSYHER,active,50,1,4,0,6,5,11,2,0,1,5,5,0,1,5,2,0,1,1,0,0,3.563212081182539e-11
Spc42p_1_50,-0.18899999999999997,MNGSPTPKRYSSKSSRLYDDYYNIPYQYSNPTPMNRDYNDVGSRINADKL,active,50,5,0,3,4,0,1,6,0,7,2,1,1,2,2,2,0,7,0,2,5,4.744201084327832e-14
Spo74p_322_371,-0.489,FFHPNNIHQTKPFMSFENQNELLFQRKNSDYKQHFNSGRNIHNGVESKSY,active,50,1,3,4,2,4,4,8,0,5,1,0,1,1,2,2,6,2,0,2,2,0.03224656252545166
Spt16p_412_461,-0.02,YALQLADTVQIPLDETEPPRFLTNYTKAKSQISFYFNNEEEDNNKKKSSP,active,50,3,5,5,1,0,3,5,0,4,4,3,1,0,4,2,3,3,0,0,4,4.257306457660102e-15
Spt20p_309_358,-0.042,IYQQFESEILTLTKRNLSLSVPLNPYEHRDMLEETAFSEPHWDSEKKSFI,active,50,2,7,3,2,2,2,2,0,6,3,1,1,1,6,3,3,2,1,0,3,0.0007838757062139651
Spt5p_1014_1063,0.023,ASTWGGNNNNKSTRDGGASAWGNQDDGNRSAWNNQGNKSNYGGNSTWGGH,active,50,3,0,2,2,1,2,11,0,6,3,4,0,0,0,0,0,1,4,11,0,2.817758821280505e-48
Spt5p_902_951,-0.32,GGMTPGWSSFDGGKTPAVNAHGGSGGGGVSSWGGASTWGGQGNGGASAWG,active,50,1,0,1,0,1,1,2,0,7,3,5,2,1,0,0,1,0,4,19,2,9.472296314658536e-51
Spt5p_922_971,-0.5870000000000001,HGGSGGGGVSSWGGASTWGGQGNGGASAWGGAGGGASAWGGQGTGATSTW,active,50,0,0,0,0,1,2,1,0,7,4,7,1,0,0,0,0,0,5,22,0,2.1343417337655413e-56
Spt5p_962_1011,-0.4,GQGTGATSTWGGASAWGNKSSWGGASTWASGGESNGAMSTWGGTGDRSAY,active,50,1,1,1,1,0,1,2,0,9,6,7,0,1,0,0,0,1,5,14,0,1.1044570444867499e-54
Sqs1p_71_120,0.012,AFISPKTIEDYYFGRDAKSRSMKMGGLRPGNRYDSSTDLQAGRAAFRKRP,active,50,4,1,4,7,0,1,1,0,5,2,5,0,2,2,2,3,3,0,5,3,4.9475689501911925e-15
Ssd1p_41_90,0.027000000000000003,QSELTNLMIEQFTLQKQLEQVQAQQQQLMAQQQQLAQQTGQYLSGNSGSN,active,50,0,3,1,0,0,17,3,0,4,3,3,1,2,7,1,1,1,0,3,0,9.977351778288162e-07
Ssn2p_344_393,0.23399999999999999,QFQHYKNNSISSQPASYHSVQETNKISPKDFSPNFTGIDKLMLSPSDQFA,active,50,3,1,4,0,2,5,4,0,9,2,2,1,1,2,3,4,2,0,1,4,1.4019405507087026e-19
Stb1p_311_360,-0.19699999999999998,TTPSRELNGTNFNLLRTPNFNMGDYLHNLFSPSPRVPAQQGASNTSASIP,active,50,1,1,0,3,1,2,7,0,6,5,3,1,1,5,1,3,1,0,3,6,1.3216186253615811e-12
Stb4p_168_217,0.152,SSASNSPNPNSHYHHISSTLPFMSGRPNHTFHSGSNLNGENNNNSFPEDH,active,50,1,2,0,1,6,0,10,0,11,2,1,0,1,2,1,3,1,0,3,5,3.245131341715164e-30
Stb4p_188_237,0.08199999999999999,PFMSGRPNHTFHSGSNLNGENNNNSFPEDHMAKLLLQLSSKLGNTTKESS,active,50,1,3,3,1,3,1,8,0,8,3,1,0,2,6,0,3,0,0,4,3,1.4654291093675678e-19
Std1p_51_100,0.122,LPHNNQEINTPNHYNLSSNSGNVRSNNNFVTTPPEYADRARIEIIKRLLP,active,50,1,3,1,4,2,1,10,0,4,3,2,2,0,4,4,1,2,0,1,5,7.230008611237046e-12
Ste12p_428_477,-0.20800000000000002,NAKSHNSGQQTKQHQLYSNNFQQSYPNGMVPGYYPKMPYNPMGGDPLLDQ,active,50,2,0,3,0,2,7,6,0,4,1,1,1,3,3,0,1,5,0,5,6,1.6152074418911655e-07
Ste12p_499_548,-0.888,PQTATSWNVLPPQAMQPAPTYVGRPYTPNYRSTPGSAMFPYMQSSNSMQW,active,50,0,0,0,2,0,5,3,0,6,5,4,2,4,1,0,1,4,2,2,9,2.601213575117151e-14
Ste12p_519_568,-0.7070000000000001,YVGRPYTPNYRSTPGSAMFPYMQSSNSMQWNTAVSPYSSRAPSTTAKNYP,active,50,0,0,1,3,0,2,4,0,9,5,4,2,3,0,0,1,6,1,2,7,3.907218615579584e-21
Ste12p_539_588,-0.45899999999999996,YMQSSNSMQWNTAVSPYSSRAPSTTAKNYPPSTFYSQNINQYPRRRTVGM,active,50,0,0,1,4,0,4,5,0,9,5,3,2,3,0,1,1,5,1,1,5,2.3172711509985242e-21
Sup35p_21_70,-1.209,NQQQGNNRYQGYQAYNAQAQPAGGYYQNYQGYSGYQQGGYQQYNPDAGYQ,active,50,1,0,0,1,0,14,6,0,1,0,5,0,0,0,0,0,11,0,9,2,0.9989878089719131
Sup35p_41_90,-1.325,PAGGYYQNYQGYSGYQQGGYQQYNPDAGYQQQYNPQGGYQQYNPQGGYQQ,active,50,1,0,0,0,0,15,4,0,1,0,2,0,0,0,0,0,12,0,11,4,0.9999991526017191
Sup35p_71_120,-0.9279999999999999,QQYNPQGGYQQYNPQGGYQQQFNPQGGRGNYKNFNYNNNLQGYQAGFQPQ,active,50,0,0,1,1,0,14,9,0,0,0,1,0,0,1,0,3,7,0,9,4,0.9999999930093177
Swi4p_267_316,-0.29,IHENSFNNNYSATQKPLQFFPIPTNLQNKNVALNNPNNNDSNSYSHNIDN,active,50,2,1,2,0,2,3,15,0,5,2,2,1,0,3,3,3,2,0,0,4,5.096074440708079e-11
Swi4p_377_426,-0.265,LNQSNEQQFYNQQEKIQRHFKLMKQPLLWQSFQNPNDHHNEYCDSNGSNN,active,50,2,3,3,1,3,9,9,1,4,0,0,0,1,4,1,3,2,1,1,2,0.010003797805559668
Syh1p_122_171,-0.51,FPNVAPYLYNATGPAPNVGNQPPPPGIESQWKYIDSNGNIQGPFGTNNMS,active,50,1,1,1,0,0,3,8,0,3,2,3,2,1,1,3,2,3,1,6,9,1.185714210566031e-13
Taf12p_31_80,0.121,MVLQPRQLQEMAAKFRTLLTEARNVGETTPRGKELMFQAAKIKQVYDALT,active,50,1,4,4,4,0,5,1,0,0,5,6,3,3,6,1,2,1,0,2,2,1.732240562708175e-05
Taf4p_181_230,-0.064,PNHLPFLHPEQVSNYMRKVGKEQNFNLTPTKNPEILDMMSSACENYMRDI,active,50,2,4,3,2,2,2,6,1,3,2,1,2,4,4,2,2,2,0,1,5,5.835385863380263e-05
Tao3p_1_50,0.233,MASRFTFPPQRDQGIGFTFPPTNKAEGSSNNNQISIDIDPSGQDVLEEIN,active,50,4,3,1,2,0,4,5,0,5,3,2,1,1,1,5,4,0,0,4,5,6.515961292420125e-24
Tax4p_381_430,-0.10099999999999999,TTAAVVGSSTSVLPFPHHHHHHHQLHNPNSHHLHTHHHTSSHKFNEDKPW,active,50,1,1,2,0,15,1,3,0,6,5,2,3,0,3,0,2,0,1,1,4,2.6705007605758615e-31
Tbf1p_304_353,-0.126,LYDFDVNEFDPQVLFSTGTRTVEFMDDQNQPSSASAFLSTARPNHYSTHT,active,50,5,2,0,2,2,3,3,0,6,6,3,3,1,3,0,5,2,0,1,3,1.0812197855413156e-17
Tda7p_538_587,-0.535,SNEFNFKARGNPPPVPPPRNVTAMNGSFQNMRSNFMDQENRFSYGSSFTY,active,50,1,2,1,4,0,2,8,0,6,2,2,2,3,0,0,6,2,0,3,6,2.4283349487474354e-10
Tda7p_558_607,-0.504,VTAMNGSFQNMRSNFMDQENRFSYGSSFTYSSLGSSTQGGFSTLSSNSIR,active,50,1,1,0,3,0,3,5,0,13,4,1,1,3,2,1,5,2,0,5,0,4.774797199180946e-20
Tda9p_367_416,-0.575,DFLTMGSSYGGSGGFAKSITADPSLDYFNYKNHSHPDSRHNNSSSGINYS,active,50,4,0,2,1,3,0,5,0,11,2,2,0,1,2,2,3,4,0,6,2,9.26476830940299e-24
Tec1p_437_486,-0.94,DAYNANYIQGLPQYQTSYFSQLLLSSPQHYEHSPHQRNFTPSNQSHGNFY,active,50,1,1,0,1,4,7,5,0,7,2,2,0,0,4,1,3,6,0,2,4,0.9999979217832333
Tfc7p_324_373,0.073,TDAPLFRIGNRLYEGSWERLVGTELAFPNAAHVHKKTAGLLSPTEENETT,active,50,1,6,2,3,2,0,3,0,2,6,5,2,0,6,1,2,1,1,4,3,4.586042348124569e-16
Tfg1p_301_350,0.282,FEEGTMDPLADVAPDGGGRAKRGNLRRKTRQLKVLDENAKKLRFEEFYPW,active,50,4,5,5,6,0,1,2,0,0,2,4,2,1,5,0,3,1,1,5,3,3.431352061087273e-11
Thp3p_1_50,-1.025,MQNPYGHFTNNTTEDREASSQGGPFGQSLNRPLDYAGSFPSLTYNNNNFI,active,50,2,2,0,2,1,3,8,0,5,4,2,0,1,3,1,4,3,0,5,4,2.733947456745223e-09
Thp3p_41_90,-0.266,SLTYNNNNFIANQQPSLPLPEPRLSWNNVNQVSNPLMVTPLPGLQKRMNK,active,50,0,1,2,2,0,4,10,0,4,2,1,3,2,7,1,1,1,1,1,7,0.8832422498300821
Tif4631p_61_110,-1.2830000000000001,GGKFGPNRYNNRGNYNGGGSFRGGHMGANSSNVPWTGYYNNYPVYYQPQQ,active,50,0,0,1,3,1,3,9,0,3,1,1,2,1,0,0,2,7,1,11,4,2.5480967095618573e-05
Tif4632p_61_110,-0.402,GKYGTNKYNNRNNSQGNAQYYNNRFNNGYRLNNNDYNPAMLPGMQWPANY,active,50,1,0,2,3,0,3,15,0,1,1,3,0,2,2,0,1,7,1,5,3,0.9999970941121882
Toa1p_38_87,-0.142,LKNIWQKKLTETKVTTFSWDNQFNEGNINGVQNDLNFNLATPGVNSSEFN,active,50,2,3,4,0,0,3,10,0,3,5,1,3,0,4,2,4,0,2,3,1,2.8037508148547606e-15
Tos2p_417_466,-0.228,DDNYYYNYPLPLEHPQNYENIGDLPTPTQFIYSTSSHSLTSFKGRPKPPK,active,50,3,2,3,1,2,2,4,0,5,4,0,0,0,4,2,2,6,0,2,8,0.000237734122597245
Tup1p_281_330,-0.079,QDHYLVPYNQRANHSKPIPPFLLDLDSQSVPDALKKQTNDYYILYNPALP,active,50,5,0,3,1,2,4,4,0,3,1,3,2,0,7,2,1,5,0,0,7,0.9999999932201513
Ubp14p_593_642,-0.077,QLIEMGFTQNASVRALFNTGNQDAESAMNWLFQHMDDPDLNDPFVPPPNV,active,50,5,2,0,1,1,4,6,0,2,2,4,3,3,4,1,4,0,1,2,5,8.601858858675805e-06
Ubr1p_1868_1917,-0.135,FGVGAEGIAGGGVRDFFQFFENFRNTLQPQGNGDDDAPQNPPPILQFLGP,active,50,4,2,0,2,0,5,4,0,0,1,3,2,0,3,2,7,0,0,9,6,0.835095870854302
Ubx3p_1_50,0.36,MDIFRHTFGNNDDSFIRIPGAFREEPPADLNGRTEDQNSNTNEPTQSRDG,active,50,6,4,0,5,1,2,6,0,3,4,2,0,1,1,3,4,0,0,4,4,1.7620421436902064e-27
Ulp1p_96_145,-0.10400000000000001,TLWNSGKYLWHTFVKNEPRNFDGSEVEASGNSDVESRSSGSRSSDVPYGL,active,50,3,4,2,3,1,0,4,0,10,2,1,4,0,3,0,2,2,2,5,2,2.1596939756110558e-32
Ulp2p_680_729,0.314,TLKLLQLNYISYLKKENLYEEVMQMEEKKSTNINNNENYDDDDEEIQIIE,active,50,4,9,5,0,0,3,7,0,2,2,0,1,2,6,5,0,4,0,0,0,1.0032224195910756e-05
Ume6p_431_480,-0.35700000000000004,SFTSTNNNNPQRNNINRGEDPFATSSRPSTGFFYGDLPNRNNRNSPFHTN,active,50,2,1,0,5,1,1,12,0,6,5,1,0,0,1,1,5,1,0,3,5,8.941647096240701e-22
Ure2p_71_120,-0.22899999999999998,NDNENNIKNTLEQHRQQQQAFSDMSHVEYSRITKFFQEQPLEGYTLFSHR,active,50,2,5,2,3,3,7,5,0,4,3,1,1,1,3,2,4,2,0,1,1,8.032259052040543e-09
Usv1p_157_206,-0.22399999999999998,PQIIHSSPEFITSTRSIPPISPRSIYNTQRQQQHQQQQHQQAPYYFPSHP,active,50,0,1,0,3,4,11,1,0,7,3,1,0,0,0,6,2,3,0,0,8,9.238714197418578e-14
Usv1p_177_226,-0.831,SPRSIYNTQRQQQHQQQQHQQAPYYFPSHPITDSYYQYPLPSNNNTINYL,active,50,1,0,0,2,3,11,5,0,5,3,1,0,0,2,3,1,7,0,0,6,0.9968998920021022
Vac7p_691_740,-0.191,VPDHVNLEDYIEQPHNYPTMQNSVKKDEFYNSRNNKFPHGLNFYGDNNVI,active,50,4,3,3,1,3,2,9,0,2,1,0,4,1,2,2,3,4,0,2,4,5.747173801019147e-07
Vac7p_811_860,-0.41600000000000004,TFNSYYGSASNTHELPLHGRMPSRSNNDYYDFMVGNNTGNNNQLNEYTPL,active,50,2,2,0,2,2,1,10,0,5,4,1,1,2,4,0,2,5,0,4,3,1.1118298525460405e-05
Vps72p_571_620,-0.436,SSAENSLSTQTYEGPEQLTSRNFVTLYDFPNAPPNLKDFNTNLFGDRWSY,active,50,3,3,1,2,0,2,6,0,6,5,2,1,0,5,0,4,3,1,2,4,9.689700721954138e-08
War1p_150_199,-0.11699999999999999,SSLKDGTSYLASFPSDPNAKQFPNSRTVLPGLQQSLSDLWSTLSQPPSYG,active,50,3,0,2,1,0,4,2,0,11,3,2,1,0,7,0,2,2,1,3,6,7.865441817459206e-17
Wwm1p_61_110,-0.402,SSRQQADQAPPPYSSQSTPQVQAGAQAQQPRYYQPQQPQYPQYPQQQRYY,active,50,1,0,0,3,0,17,0,0,5,1,5,1,0,0,0,0,7,0,1,9,2.8392269014270208e-14
Wwm1p_91_140,-0.322,RYYQPQQPQYPQYPQQQRYYPQQAPMPAAAPQQAYYGTAPSTSKGSGHGG,active,50,0,0,1,2,1,12,0,0,3,2,6,0,1,0,0,0,8,0,5,9,3.1926705993593673e-10
Xbp1p_515_564,-0.8859999999999999,SNLASFYNTHGHRYSYPGNIYIPQQRYSLPPPNQLSSPQRQLNYTYDHIH,active,50,1,0,0,3,4,5,5,0,6,2,1,0,0,4,3,1,7,0,2,6,0.9999999987057944
Xbp1p_555_604,-0.768,QLNYTYDHIHPVPSQYQSPRHYNVPSSPIAPAPPTFPQPYGDDHYHFLKY,active,50,3,0,1,1,5,4,2,0,4,2,2,2,0,2,2,2,7,0,1,10,0.9935275548061513
Xbp1p_585_634,-0.064,PAPPTFPQPYGDDHYHFLKYASEVYKQQNQRPAHNTNTNMDTSFSPRANN,active,50,3,1,2,2,3,4,6,0,3,4,4,1,1,1,0,3,4,0,1,7,5.210378857899734e-16
Xrn1p_1376_1425,-0.392,PHPMNVVGGPIPGANDVADVGLPYNIPPGFMTHPNGLHPLHPHQMPYPNM,active,50,2,0,0,0,5,1,5,0,0,1,2,4,4,3,2,1,2,0,6,12,0.000187190834219441
Xrn1p_1396_1445,-0.727,GLPYNIPPGFMTHPNGLHPLHPHQMPYPNMNGMSIPPPAPHGFGQPISFP,active,50,0,0,0,0,5,2,4,0,2,1,1,0,4,3,3,3,2,0,6,14,0.9999999707247371
Yak1p_101_150,-0.043,QQNLVYPPQYDDLNSNESLDAYRRRKSSLVVPPARAPAPNPFQYDSYPAY,active,50,4,1,1,4,0,4,4,0,5,0,5,3,0,4,0,1,6,0,0,8,0.0027714617542884392
Yak1p_181_230,-0.34600000000000003,AIHPSQFGSRFVPSLYDRQDFQRRQSLAATNYSSNFSSLNSNTNQGTNSI,active,50,2,0,0,4,1,5,6,0,10,3,3,1,0,3,2,4,2,0,2,2,4.401667626773576e-15
Yak1p_201_250,-0.066,FQRRQSLAATNYSSNFSSLNSNTNQGTNSIPVMSPYRRLSAYPPSTSPPL,active,50,0,0,0,4,0,3,6,0,11,4,3,1,1,4,1,2,3,0,1,6,7.940833277476189e-16
Yak1p_61_110,-0.27699999999999997,SPQQQHQNHHQQQQQQQQQQQQNSQFCFVNPWNEEKVTNSQQNLVYPPQY,active,50,0,2,1,0,3,20,6,1,3,1,0,3,0,1,0,2,2,1,0,4,2.500111125467721e-15
Yap1801p_492_541,0.067,TNMPLQQQIISNPFQNQTYNQQQFQQQKMPLSSINSVMTTPTSMQGSMNI,active,50,0,0,1,0,0,12,6,0,6,5,0,1,5,2,4,2,1,0,1,4,2.598053110248268e-12
Yap1801p_572_621,0.184,QQQQQPQQGYYVPATAGANPVTNITGTVQPQNFPFYPQQQPQPEQSQTQQ,active,50,0,1,0,0,0,17,3,0,1,5,3,3,0,0,1,2,3,0,3,8,8.299201600973227e-21
Yap1p_241_290,0.053,NDVLNNTPNSSTSMDWLDNVIYTNRFVSGDDGSNSKTKNLDSNMFSNDFN,active,50,7,0,2,1,0,0,11,0,8,4,0,3,2,3,1,3,1,1,2,1,7.621028120083772e-29
Yap1p_454_503,-0.07,SLLQSSKEDIPFINANLAFPDDNSTNIQLQPFSESQSQNKFDYDMFFRDS,active,50,6,2,2,1,0,5,5,0,8,1,2,0,1,4,3,6,1,0,0,3,1.1549144074943528e-05
Yap6p_111_160,-0.271,YNRPQNAHVSIQPSVVFPPKSYSISYAPYQINPPLPNGLPNQSISLNKEY,active,50,0,1,2,1,1,4,6,0,7,0,2,3,0,3,4,1,5,0,1,9,0.00345504258198149
Yap6p_301_350,0.423,LCNENNMLKNENSIIKNEHNMSRNENENLKLENKRFHAEYIRMIEDIENT,active,50,1,9,4,3,2,0,12,1,2,1,1,0,3,4,5,1,1,0,0,0,4.629863663973272e-10
Ybl081Wp_123_172,-0.348,NLNQQKYKQYPQYTSNPMVTAHLKQTYPQLYYNSNVNAHNNNNNSNNNNN,active,50,0,0,3,0,2,6,16,0,3,3,2,2,1,3,0,0,6,0,0,3,1.7045206966503549e-07
Ybl081Wp_153_202,-0.201,YYNSNVNAHNNNNNSNNNNNNNNNSNNNNNLYNQTQFSTRYFNSNSSPSL,active,50,0,0,0,1,1,2,25,0,8,2,1,1,0,2,0,2,4,0,0,1,1.3762551191398442e-16
Ybl081Wp_23_72,-1.103,EYRSLKLLHQSSNSFQSHNAPSHQSNYHPHYNHMKYNNTGSYYYYNNNNN,active,50,0,1,2,1,6,3,11,0,8,1,1,0,1,3,0,1,8,0,1,2,0.6427055872915192
Ybl081Wp_3_52,-0.382,GQIISIPFLSQNEDMDKYLLEYRSLKLLHQSSNSFQSHNAPSHQSNYHPH,active,50,2,2,2,1,5,5,4,0,9,0,1,0,1,6,3,2,3,0,1,3,0.14627805837999514
Ybl081Wp_53_102,-0.8740000000000001,YNHMKYNNTGSYYYYNNNNNSSVNPHNQAGLQSINRSIPSAPYGAYNQNR,active,50,0,0,1,2,2,3,13,0,6,1,3,1,1,1,2,0,8,0,3,3,2.549120382101307e-05
Ybl086Cp_301_350,-0.289,SMSPLIESLYQKTFKLPWDPRPGEFTPRECVEDILQGGNGWAKNEKGINL,active,50,2,5,4,2,0,2,3,1,3,2,1,1,1,5,3,2,1,2,5,5,8.280823454599345e-09
Ybr238Cp_31_80,-0.501,PMKFNGTIAMEHHEHNYAIPYTPATFNNPALATYQVSPANHFVPHFGGNI,active,50,0,2,1,0,5,1,6,0,1,4,6,2,2,1,3,4,3,0,3,6,0.005588556584949215
Ybr238Cp_91_140,0.122,NNSNNSNNHHNNNRNHHHNNNRNHHQNNHNHSKYNNSNQGNSISPDSPWF,active,50,1,0,1,2,9,2,21,0,7,0,0,0,0,0,1,1,1,1,1,2,8.243216994159065e-33
Ydl012Cp_1_50,-0.051,MSAQDYYGNSASKQSYSRPSAPPPGYETASRGYAPSQSQQNYYPPQQQQQ,active,50,1,1,1,2,0,10,2,0,9,1,5,0,1,0,0,0,7,0,3,7,1.382143131118461e-24
Ydl012Cp_21_70,-1.008,APPPGYETASRGYAPSQSQQNYYPPQQQQQQYQQQPQYYQQQQPQYYQQH,active,50,0,1,0,1,1,20,1,0,3,1,3,0,0,0,0,0,9,0,2,8,0.003040987162527798
Ydl012Cp_41_90,-0.18899999999999997,NYYPPQQQQQQYQQQPQYYQQQQPQYYQQHPQQPIYVQQQPASSGNEDCL,active,50,1,1,0,0,1,22,2,1,2,0,1,1,0,1,1,0,8,0,1,7,0.9990672793869176
Ydr338Cp_41_90,-0.027999999999999997,NPLVRKFRARTRNIDQRSFRSLTDDFGSNVHEPNPYLGNIDEEPDLYYHD,active,50,6,3,1,6,2,1,5,0,3,2,1,2,0,4,2,3,3,0,2,4,1.7500761573920128e-06
Yel043Wp_669_718,-0.08900000000000001,YPDNISNYSKGFTTDELDNYWTKQQPQVRSTNESLFSTTGTPMSSYKANP,active,50,3,2,3,1,0,3,5,0,7,7,1,1,1,2,1,2,4,1,2,4,5.24330324272392e-27
Ygr017Wp_190_239,0.033,DYYPQPQEWEAELLRQWSSLSRHTKSLYRKPAPGQKLTSETSKQLDKLHR,active,50,2,4,5,4,2,5,0,0,6,3,2,0,0,7,0,0,3,2,1,4,7.358010958607196e-13
Yif1p_31_80,-0.32799999999999996,QIPRNTPVNGQGNANMNANVNGSGGGFPFQDPRGSMAFQLGQSAFSNFIG,active,50,1,0,0,2,0,5,8,0,4,1,4,2,2,1,2,5,0,0,9,4,4.38622963083789e-14
Yil055Cp_246_295,-0.406,MQMPYQTTLPSPTAAATAGGPLASPTHYPRRRHFYHQNQSQFQKYMHNSP,active,50,0,0,1,3,4,6,2,0,4,5,5,0,3,2,0,2,4,0,2,7,3.265386047334861e-09
Ykr015Cp_381_430,0.018000000000000002,QNNISWNTTMKDIDPIYMSERCARVWRKEQQMLGLEKAQTFEKKYCKDQM,active,50,3,4,6,3,0,5,3,2,2,3,2,1,4,2,3,1,2,2,1,1,5.889432117004422e-14
Ykr075Cp_251_300,0.068,DIQHSRHHRRHHRRHHHHHHQNSSHSDETIKEAHYEFSNYTFGTMEEDIF,active,50,3,5,1,5,13,2,2,0,5,3,1,0,1,0,3,3,2,0,1,0,6.47246187975491e-24
Ylr177Wp_181_230,-0.308,ISDALIHGNAATQQPQYSQPVYINNNPSLQVPYTAPSEYTQQQQYSSPFN,active,50,1,1,0,0,1,9,5,0,6,3,4,2,0,2,3,1,5,0,1,6,2.5108921666458014e-12
Yml119Wp_51_100,-0.17600000000000002,SNQQFFYYPESPTKNLRPRFNSISQVNKGVNEDHYTGGGSSNNNRPSRYT,active,50,1,2,2,4,1,3,8,0,7,3,0,2,0,1,1,3,4,0,4,4,5.798277360834807e-20
Ynl058Cp_216_265,0.525,SKDTNIFIDDPFLYVGTYLEEEEEEEEERKLNLNRPQRAASPERKEKKIN,active,50,3,11,5,4,0,1,4,0,2,2,2,1,0,4,3,2,2,0,1,3,3.1567119312284815e-20
Ynl208Wp_150_199,-0.095,PQEFGGPGGQGFGGPNPQEFGGPGGQGFGGPNPQEFGGQGRQGFNGGSRW,active,50,0,3,0,2,0,7,3,0,1,0,0,0,0,0,0,6,0,1,20,7,5.0172953090556704e-20
Yol019Wp_419_468,-0.25,YNQMPRETAAGPANIRPYAGQPHPAPLVYPQQRLQPQQQQPQQQYHQYNL,active,50,0,1,0,3,2,13,3,0,0,1,5,1,1,3,1,0,5,0,2,9,0.9985750345635275
Ypl077Cp_21_70,-0.318,RYGEDSIHDLPRTIPNVNPYIRNSGFRPSYSSQIPSTRSLFNNYYNRSSA,active,50,2,1,0,6,1,1,6,0,9,2,1,1,0,2,4,2,5,0,2,5,1.6690756909277642e-08
Yrb30p_383_432,0.39899999999999997,EYIIRLTSLQSNDQKSILEVSDERLSIYLNDENTNSRKDRISNSTIEETE,active,50,4,7,2,4,0,2,5,0,8,4,0,1,0,5,6,0,2,0,0,0,8.860197087340268e-26
Yrr1p_122_171,0.024,AEKNTNSSASSMYTSPNFPPLGTSVGRGSTETSSPLPDGVINPYADRYYL,active,50,2,2,1,2,0,0,4,0,9,5,3,2,1,3,1,1,4,0,4,6,2.0505579879126704e-28
Ysp2p_585_634,0.205,NLRNSFNKNRNSSSDFFSTNQGQQMPRTSTAGSGNIHAIMGLDSGNDDFK,active,50,4,0,2,3,1,3,8,0,8,3,2,0,2,2,2,4,0,0,5,1,1.6464542116064576e-27
Yta7p_361_410,0.462,NKLILDSDSSDDEILPLGVTPKTKKENTQKKKKKKPEIADLDPLGVDMNV,active,50,7,3,10,0,0,1,3,0,3,3,1,3,1,6,3,0,0,0,2,4,8.237451985816032e-36
Zrg17p_21_70,0.05,FQTPKLNDSDASSFSLSNMNAVGNVDGIPSQNRTFFASPRPSSLFYSAKE,active,50,3,1,2,2,0,2,5,0,10,2,4,2,1,3,1,5,1,0,2,4,1.3751220280496577e-19
Zrg17p_41_90,-0.1,AVGNVDGIPSQNRTFFASPRPSSLFYSAKEGNNSSSSIIYNPSFTFGENA,active,50,1,2,1,2,0,1,6,0,10,2,4,2,0,1,3,5,2,0,4,4,3.032688603643205e-20
Zrg8p_831_880,0.038,PPLPPPARSQSLKYHDLNCDLDSEVPRPMSNLFFIDEAEEDEYNQKSKFF,active,50,5,5,3,2,1,2,3,1,5,0,2,1,1,5,1,4,2,0,0,7,3.710593111863485e-05
